-84.4625157,39.2870865
-84.2955577,39.2550591
-84.3088648,39.2852344
-84.3077071,39.2873191
-84.3142408,39.2995276
-84.3278821,39.2727616
-84.3259707,39.2734667
-84.2608465,39.3581526
-84.2963543,39.2494876
-84.3554593,39.2261851
-82.7263093,41.0416605
-84.3142332,39.2995975
-84.3279991,39.2725556
-84.3298675,39.2706495
-84.3410613,39.2606042
-84.3680379,39.2040055
-84.3762388,39.2313961
-84.3771496,39.2349482
-84.5247,39.3350643
-83.5360319,41.653531
-84.5035543,39.2087174
-84.5050306,39.2092561
-80.356765,41.0539772
-84.2205973,39.3497484
-84.504939,39.2085732
-83.006791,39.9949045
-83.0072772,39.9948796
-83.0074224,39.997545
-84.3690548,39.2021976
-84.3722597,39.2026982
-83.0282432,39.9874886
-83.0277694,39.9875591
-83.0323717,39.9885473
-83.0104701,40.0148489
-83.0136638,40.0217303
-83.0146887,39.997491
-84.3742942,39.2704394
-84.5082778,39.0162398
-84.3511811,39.2371293
-84.7145872,39.0265699
-83.161456,40.0294506
-82.9234585,40.14838
-84.2702541,39.2625923
-83.160734,40.1037379
-83.1575153,40.1039841
-81.8426391,40.7547304
-81.8363477,40.749434
-81.9337436,40.8230587
-81.931394,40.8241141
-81.93001,40.8363804
-81.9447836,40.8458282
-81.9442043,40.8472404
-81.9461998,40.8482548
-83.154671,40.0043163
-83.6326461,41.6944936
-82.682101,41.0318834
-84.3772676,39.2344579
-84.5770348,39.0502188
-84.1955682,39.6293774
-84.1894325,39.6289082
-84.1892394,39.6288256
-84.1181821,39.8400895
-84.1056025,39.8599283
-84.509377,39.0175561
-83.7261622,41.6868414
-84.3762444,39.2718313
-84.4063574,39.1584934
-84.405542,39.1581773
-83.1611536,40.0312596
-83.1603969,40.0274187
-80.8580846,41.1735422
-84.4276789,39.1471965
-84.759664,39.1740298
-81.3564348,41.140498
-81.4733791,41.1457489
-81.9092073,40.8288509
-81.9078596,40.8280554
-83.8879009,39.806558
-83.8882977,39.8068887
-83.8999806,39.788822
-83.8881336,39.8064727
-83.0408583,39.9916238
-83.160145,40.0277807
-81.4923618,41.1402172
-81.5088198,41.1311428
-81.5077362,41.1310782
-84.6370414,39.3229897
-83.0917374,40.1613078
-82.8290045,39.8535955
-84.4622089,39.3540983
-81.180584,41.5334334
-81.3029856,41.6800839
-81.2984441,41.7144647
-83.1591925,40.0308157
-83.2310485,39.9549482
-84.3894899,39.2851522
-83.0905076,40.1566247
-81.4515614,41.539349
-81.900846,41.3736426
-81.8164547,41.4497469
-81.6057457,41.1267015
-81.6041256,41.1257883
-81.8175689,41.4518489
-81.8174401,41.4518409
-83.5571575,40.8907146
-82.6399868,41.2326548
-82.6795326,41.4805905
-82.680202,41.4789307
-82.6817591,41.4823138
-82.6856001,41.4835121
-82.6915353,41.4845014
-81.5366072,41.5002932
-81.5357635,41.4980097
-81.5383677,41.4653088
-81.5074649,41.4659354
-81.4168301,39.4036459
-81.4166902,39.4035936
-83.660293,41.1368467
-84.4999002,39.0999176
-84.502797,39.0980446
-84.4953243,39.1033314
-84.2592354,39.230824
-84.2809782,39.2230449
-84.3769041,39.2356392
-84.2922488,39.3390521
-80.6641685,40.0485911
-80.6576668,40.0432936
-84.4546495,39.0381712
-81.5359965,41.520929
-80.7449308,41.2381779
-81.9095643,41.4203382
-84.8081601,40.1975155
-81.8340243,41.4822965
-83.0106624,39.9875976
-81.206126,39.3884342
-84.3249733,39.9537744
-82.6531083,39.746535
-84.5266504,39.3346125
-81.2145207,41.5835353
-82.8296334,39.856217
-80.3940245,41.0111991
-80.3950573,41.011619
-80.3956382,41.0133065
-81.5482379,39.2409856
-81.5801273,41.5112297
-83.0602622,40.0203932
-82.487101,39.9688732
-83.0100539,40.0102434
-83.0100461,40.0113135
-84.7265189,41.0858035
-83.074253,40.0574023
-83.0083368,40.0048055
-83.0085924,40.0042102
-81.79762,41.1368013
-83.008395,40.0027712
-83.0083092,40.0022452
-83.008336,40.0050846
-82.9290877,40.0020467
-80.9723658,41.1872076
-82.9863425,39.7149557
-82.9864122,39.7142418
-82.9875655,39.7142088
-82.9873429,39.7195195
-81.699874,41.4381887
-82.9510829,39.5827234
-82.9522169,39.5822126
-82.9510773,39.5827484
-82.9524937,39.5849311
-82.9540086,39.5842178
-82.9519755,39.5867151
-82.954559,39.5881889
-84.5090111,39.1463916
-84.3778103,39.2573281
-81.5928931,41.5012305
-81.5923957,41.5007765
-81.7282888,41.0450443
-81.6927365,41.4989532
-81.3859343,41.0999265
-81.2951191,40.5397381
-81.6040725,41.5096603
-81.6037784,41.5098436
-81.6038819,41.509756
-81.3434773,41.1005633
-83.0209315,40.1575181
-84.6392242,39.0949996
-84.6403079,39.0949184
-83.1519611,39.9823158
-83.5333053,41.687203
-83.5333109,41.687331
-83.2453143,40.8338754
-83.2898732,40.8304737
-83.289774,40.828641
-83.290061,40.8355188
-83.3008415,40.8542864
-83.3008469,40.8542174
-83.3008469,40.8541403
-84.2532657,39.7976107
-81.3484589,41.3201322
-81.3522963,41.3168517
-81.3635032,41.2509978
-81.364547,41.2516314
-82.9428077,39.9930474
-82.9815038,39.1300539
-82.9781939,39.1322718
-82.9815335,39.1292864
-81.6396805,41.0255479
-81.6396403,41.0262743
-81.6402867,41.0262055
-81.7001366,41.4706758
-84.5376684,39.1097063
-84.5074072,39.0978964
-84.5076277,39.097314
-84.5076116,39.0976803
-84.5168893,39.0946974
-84.5154517,39.096238
-84.5149421,39.0957259
-84.5173614,39.0952638
-81.508141,41.1319386
-81.5081222,41.1336861
-81.5091468,41.1510119
-81.509006,41.1511755
-81.698299,41.5015871
-81.6979684,41.5001197
-81.8211297,41.3139958
-84.172857,40.4683264
-81.8270413,41.3130006
-81.5270319,41.4346093
-81.6903488,41.4600746
-81.6871444,41.4644913
-81.6904415,41.4600861
-81.6869854,41.4647065
-81.7034048,41.4430379
-84.1945039,39.8906595
-84.1344429,39.0179749
-81.5801676,41.5092201
-84.1325835,41.2500921
-81.6056483,41.5084113
-81.6051324,41.5084821
-84.3714627,39.2691353
-84.3794032,39.2667658
-84.3299122,39.2705865
-81.7113955,41.4339482
-81.605952,41.508647
-81.6366899,41.4483517
-81.6435666,41.4622486
-81.70234,41.4509955
-84.1890655,39.6287729
-82.9819166,40.1397842
-82.9894536,40.1439466
-81.5032367,39.2669357
-84.0529829,39.7708433
-84.052732,39.7708342
-81.7349798,41.4255718
-81.7351717,41.4253876
-81.7085603,41.4372459
-83.0427437,40.0620069
-83.0412309,40.0626967
-83.0412573,40.0624588
-83.0176266,40.1326688
-83.3795113,39.9537984
-83.369695,39.959263
-83.1610412,40.1059098
-83.382983,39.950103
-84.2390334,39.1946169
-83.015901,40.1074973
-83.0159121,40.1074443
-83.0191251,40.1079215
-83.6233348,41.6767688
-83.6233241,41.6765805
-81.7891248,41.1357101
-81.791469,41.1367
-81.8011572,41.1357021
-84.6303064,39.8317321
-84.627717,39.8399436
-81.5438491,41.0969622
-84.5187252,39.134488
-81.4420034,41.3086553
-81.6511293,41.4883879
-83.5384375,39.6465204
-81.6384912,41.1342347
-81.6377663,41.1354428
-82.9950873,39.9575136
-83.6622741,41.0590394
-81.565272,41.447297
-83.7112203,41.6733887
-81.6512411,41.4886931
-81.6510619,41.4870074
-84.5186739,39.2194461
-81.783387,41.477297
-81.6894888,41.5000675
-81.688794,41.5029352
-82.6945925,39.9582943
-82.6828802,39.9459448
-83.609525,41.0539758
-81.6510396,41.4895681
-81.6471795,41.4879107
-81.6510647,41.4897153
-81.6509487,41.482972
-83.1560373,40.0017121
-81.3526364,41.1543431
-81.3569704,41.1535599
-83.0095222,40.0067073
-81.6524343,41.5167813
-81.6514576,41.5167842
-81.6509495,41.4827676
-81.6226608,41.4726969
-81.446488,41.2388845
-81.6510123,41.5229748
-81.840998,41.4115041
-81.4454207,41.240259
-83.6309925,41.0483453
-81.7200348,41.4400611
-81.9076429,41.031953
-81.9076047,41.0320396
-84.5406329,39.839507
-81.6503254,41.4881604
-82.6020115,41.2275872
-84.6330868,38.9166583
-84.6330465,38.9167522
-81.3573782,41.2446412
-81.3428393,41.2397236
-81.3415947,41.2388725
-81.3434508,41.2389486
-81.7010101,41.4592804
-81.7000931,41.4637107
-81.5383489,41.5016972
-81.5394031,41.5016076
-81.5372933,41.5015599
-81.5346872,41.4871932
-81.6060932,41.4818682
-83.046233,40.007273
-81.6822859,41.5004657
-81.8110438,41.477969
-81.6861689,41.3136174
-81.4377165,41.5265618
-82.9311528,39.874991
-82.9310187,39.8750003
-83.6263908,41.7467517
-83.5673339,41.750847
-81.439176,41.5239643
-81.0513846,39.2093983
-81.056202,39.2664386
-81.0567198,39.2644788
-81.6853876,41.3629022
-81.6865602,41.4812545
-80.7679435,41.1276716
-80.5598735,39.2835129
-81.7208956,41.440211
-81.647586,41.4637122
-81.4391335,41.5245675
-81.5350922,41.5209624
-83.0089227,40.0054018
-83.0073736,39.997283
-81.6337041,41.5002893
-83.0073546,39.9980081
-83.0006064,40.0011819
-83.701395,41.6126173
-83.7010879,41.6128443
-81.6162552,41.5388858
-81.6157787,41.538325
-82.0779858,41.4188539
-81.4515601,41.5395817
-82.8171858,39.9841228
-82.8203169,39.9809759
-82.8191413,39.9811011
-82.8196924,39.981041
-82.8217939,39.980713
-82.8337846,39.9810196
-82.8346935,39.9808879
-82.8358797,39.9807665
-82.8601472,40.0030213
-81.4453315,41.2396995
-81.3567874,41.153907
-84.7600117,39.1737479
-84.6005566,39.1902115
-81.6894902,41.501482
-81.6916601,41.4993652
-81.6915535,41.4994083
-81.7023778,41.4403772
-81.7305127,41.4402564
-81.6913774,41.4994277
-81.7040314,41.4840341
-84.4737953,39.2138561
-81.5533472,41.0112033
-81.8357849,41.3069177
-81.8345817,41.3088713
-81.8346087,41.3060393
-84.5469516,38.9067095
-80.9168711,40.0772471
-81.5757612,39.995177
-81.8346119,41.3063026
-81.4371989,41.5250949
-83.7609274,40.3547509
-83.6140642,41.0527576
-83.6504279,41.0352864
-82.6755396,40.0026563
-82.6736264,40.0029385
-82.6708702,40.0033666
-82.6704839,40.0034303
-83.0204558,40.0486977
-83.0202578,40.0539316
-83.0202164,40.0541892
-81.8346155,41.3062386
-82.6121855,41.2610691
-82.6117456,41.2581011
-82.6122799,41.2609997
-83.7163684,41.6730846
-84.6101454,39.1309928
-82.6123505,41.2441661
-83.7134739,41.6728899
-82.750088,41.5459585
-80.7645372,41.0979057
-82.0476781,39.9497347
-81.5474642,39.3283344
-81.5367772,41.4991071
-84.5026857,39.1350868
-84.5030483,39.1351068
-84.9258671,39.8250888
-84.9264036,39.8250846
-81.453564,40.645283
-81.4441581,40.6413479
-81.4533362,40.6452178
-84.9051929,39.8268852
-84.9229063,39.8255539
-84.8888057,39.8375949
-84.3635679,39.1883816
-84.8568875,39.8312171
-84.933427,39.8710166
-84.8394102,39.8307145
-84.6984306,39.7046763
-84.6372011,39.7573675
-84.8888085,39.8393116
-84.836484,39.8307887
-84.9341677,39.8242414
-84.9075923,39.8436436
-84.9075977,39.8265938
-84.8798905,39.8298319
-81.2520393,41.7262425
-81.250008,41.7262364
-81.9336144,41.4906279
-81.8594785,41.3612707
-80.663362,41.023105
-80.6633536,41.0232451
-80.6716768,41.0247891
-84.548606,39.3756586
-84.5490137,39.377197
-81.6282536,41.2654802
-81.5366767,41.3934251
-82.9606931,40.1462646
-84.8812716,39.8299581
-84.881513,39.8299457
-84.8776256,39.829411
-84.8443716,39.8315037
-82.6619274,41.4067748
-82.657201,41.4022198
-81.4478682,41.3108007
-81.6048689,41.5095117
-81.5758965,41.5661825
-81.6902063,41.5002208
-81.6902588,41.501129
-83.6483756,40.8954203
-83.6479786,40.8978006
-83.6037206,41.0539988
-83.603852,41.0539786
-84.3159088,39.3035708
-81.343008,41.1512356
-80.6478279,41.1070244
-80.6487809,41.1071129
-80.6483901,41.1068379
-81.6949161,41.5017752
-81.5681321,41.5789161
-84.4337314,39.3152488
-81.5224759,41.0764715
-81.5220146,41.0762997
-81.5225001,41.0757315
-84.422816,39.1416715
-84.6273307,39.8399271
-81.4629908,41.5197292
-84.6383319,39.0136893
-81.2038263,41.5804696
-81.3266387,40.8379622
-83.6691916,41.0406771
-83.6723981,41.0560927
-83.612705,39.6207698
-83.6622672,41.0591669
-81.5709653,41.0649287
-84.2840043,39.3034898
-84.300231,39.2887659
-81.2123226,41.5817026
-81.637911,41.1370229
-81.6402762,41.1384133
-84.42996,39.1290381
-82.9225997,40.1478045
-81.6343595,41.136633
-81.6342173,41.136633
-81.6366018,41.1354604
-81.6322892,41.1353814
-81.6321203,41.1353855
-82.9970352,39.9589444
-81.8013425,41.4851628
-84.4482961,39.0789654
-84.2807875,39.2232788
-84.3825181,39.371744
-81.4511048,40.5072923
-81.8344587,41.3125467
-81.8346129,41.3061076
-81.8373541,41.3239961
-83.6316504,41.0439882
-81.4384909,41.3074942
-81.8278053,41.3426966
-82.7801921,39.9104514
-82.7772798,39.9103673
-82.7786491,39.908564
-81.4392649,41.525061
-81.4392628,41.5252322
-81.4392681,41.525302
-81.9177132,41.4186525
-81.1454246,41.4727949
-83.6223616,41.3738512
-81.5170165,41.0853831
-83.6103513,39.2295123
-81.5185982,41.0812479
-82.0590383,41.4658709
-83.0068203,39.9928636
-83.0065751,39.9916629
-84.2211408,39.6763738
-84.2185638,39.6732678
-83.5937506,40.650675
-83.6077577,40.647524
-83.5843501,40.6569418
-84.3690379,39.2035455
-84.5724323,39.0430273
-81.4396167,41.5205209
-80.7436771,41.1011208
-80.7433936,41.1011484
-81.4377144,41.5264534
-81.4377251,41.5263795
-81.6785679,41.5010875
-81.583541,41.4640741
-81.4376918,41.5395408
-84.7503142,39.5058984
-83.6495358,41.3749975
-80.6644695,41.1535941
-81.68165,41.5060782
-84.3502753,39.074157
-84.3121901,39.0721408
-83.6379062,41.3775801
-83.6529206,41.3545113
-81.6122871,41.4244687
-83.6262435,41.3749793
-84.3437827,39.0723626
-81.2233731,41.2854608
-84.4426772,39.1442889
-84.7489021,39.1677689
-83.6500798,41.3869466
-83.6500826,41.3869997
-83.650898,41.3890268
-84.3294867,39.0734717
-81.5913856,41.4844553
-82.7119596,41.5940642
-81.7228898,41.441674
-83.6496162,41.3904053
-82.5570402,41.3903907
-82.5572751,41.3909584
-81.6954224,41.4186321
-84.2404456,39.6774
-84.240982,39.6762357
-84.2015107,39.7073083
-81.5254244,41.6100842
-81.5228086,41.6117635
-81.5224136,41.6120129
-83.5950597,41.0570165
-84.5188654,39.115284
-84.5192301,39.1152266
-81.5217498,41.6092587
-84.3027021,39.8787181
-82.5911729,40.6733275
-80.5697036,41.1733711
-80.5696986,41.1733124
-84.4880539,39.1028345
-84.4879772,39.1029059
-84.4288518,39.1462028
-84.4289405,39.1461571
-81.5655148,41.4985921
-81.5562885,41.5008562
-81.8112098,41.4778249
-81.7277122,41.418383
-83.0004486,39.9599181
-83.5884766,41.5447125
-82.9913831,40.0901381
-82.9942062,40.0868506
-81.6887944,41.4986689
-82.9917109,40.0941243
-83.6135703,41.0545673
-83.6137902,41.0550831
-83.6473824,41.1736785
-81.5850038,41.5658497
-81.584936,41.5689568
-83.651059,41.3907151
-81.4433473,40.639835
-84.2322277,39.1969058
-81.4205795,40.8325374
-83.0406186,40.0626722
-81.6892539,41.4990246
-82.996019,40.0314468
-81.6924234,41.4986076
-84.1927962,39.8449989
-84.1931691,39.8450861
-81.5271604,41.3502263
-81.6377836,41.1370272
-81.7692732,41.4728324
-83.3817866,39.3522107
-81.5398971,41.500997
-81.7691243,41.4773497
-81.6896912,41.5049957
-81.8001047,41.4849194
-83.645215,41.3749429
-81.8700819,40.274896
-81.8769988,40.2710396
-84.3756365,39.2510385
-83.4548193,41.413854
-84.0887633,39.7385558
-84.3702671,39.2041391
-80.5858514,40.940737
-82.22292,41.3800017
-82.2229649,41.3799606
-82.2228537,41.3800396
-82.2230129,41.379916
-84.3761275,39.2351896
-84.3947196,39.2260609
-84.3947545,39.2262313
-80.5873014,40.9384218
-80.587096,40.9385082
-80.5857441,40.9407782
-81.1778012,41.2423121
-81.1759212,41.2448131
-81.177711,41.2423717
-81.1760101,41.2447526
-81.1776209,41.2424312
-81.1760991,41.244692
-81.5708771,41.5794678
-81.6756515,41.2914565
-81.6714189,41.292583
-81.67573,41.2914311
-81.6713392,41.2926063
-81.6758872,41.2913803
-81.6711798,41.292653
-81.6758086,41.2914057
-81.6712595,41.2926297
-84.3767709,39.2307265
-82.9321039,39.957316
-81.5391847,41.5024037
-81.5376265,41.5024241
-81.5372915,41.5017051
-80.7724583,41.2739576
-80.4492404,39.0371908
-80.4481721,39.0357774
-82.9699531,40.0597957
-82.9694599,40.0597943
-81.5403979,41.5009869
-83.6372603,41.5370332
-81.6747985,41.5040149
-83.6522369,41.1735839
-83.6602813,41.136962
-83.6543349,41.0873694
-81.7984361,41.4850235
-81.7325526,41.4837236
-81.7324132,41.4837577
-84.2606105,39.3581401
-81.8011369,41.4847893
-83.6702847,41.0600922
-82.9957808,39.9236262
-81.5256582,40.7971289
-81.9466112,40.848935
-81.9465737,40.848862
-81.5523667,39.2546835
-81.5548662,39.2540976
-81.5566623,39.2496938
-81.5537965,39.2536582
-81.5468959,39.2202321
-84.47793,39.0870793
-81.5415172,39.2346505
-81.5136251,39.2679211
-81.5372522,39.26474
-81.533709,39.2671073
-81.52986,39.2669682
-81.5289132,39.2669329
-81.5177367,39.2686619
-81.7353449,41.4126929
-81.6356757,41.5291489
-81.6330565,41.5042311
-81.7672181,41.487447
-81.5477567,39.2984305
-81.5476835,39.298248
-81.5513001,39.3044972
-81.5488486,39.3050368
-81.5490203,39.3046425
-81.7993804,41.4847017
-81.801139,41.4845088
-81.5672972,41.5791589
-81.8031386,41.4848668
-81.5343152,39.2860218
-81.5242157,39.2938209
-81.4393968,41.3846459
-81.3859234,41.0996203
-81.4396595,41.3855847
-81.4407878,41.3866622
-81.6374841,41.0283816
-81.7039087,41.4837852
-81.7053288,41.4702244
-81.8390891,41.4103391
-81.8388422,41.4104291
-81.8387945,41.4106032
-81.8391176,41.4102324
-81.8387626,41.4107037
-81.8389769,41.4107245
-81.838821,41.4105077
-81.8415848,41.4076734
-81.8415887,41.407754
-81.9518792,41.4645881
-81.951881,41.4647667
-81.7366564,41.4620353
-81.7373289,41.462464
-81.157166,39.9902113
-83.0846868,39.8909247
-81.5367288,41.5024799
-81.699609,41.4992719
-82.0223089,40.1237161
-81.7050657,41.4860455
-81.4399155,41.5205168
-81.6031869,41.523253
-81.7882668,41.3794192
-81.3363314,41.1537046
-81.3352562,41.1545238
-81.3339182,41.1550303
-81.3318862,41.1542926
-81.3328198,41.1560597
-83.0908144,40.0262202
-81.3565772,41.1407408
-83.0592787,40.0209543
-81.3147062,41.1392415
-81.3146988,41.138866
-81.5627249,41.4651528
-84.9037092,39.8270664
-82.6826441,41.4817395
-81.6152611,41.5215276
-84.4326343,41.5867767
-81.5500899,41.5866659
-81.5578115,41.5834063
-81.6584423,41.4920879
-81.786998,41.4553306
-81.3428199,41.1511393
-81.8028812,41.4626125
-81.8029722,41.4625432
-81.6497995,41.4556604
-81.5768752,41.553102
-81.5776186,41.5529226
-81.3567601,41.2441749
-81.6472758,41.463398
-81.6993089,41.4697967
-81.6767191,41.5013151
-81.557395,41.5841383
-81.7561831,41.4179326
-83.113589,40.0997378
-83.1135423,40.099074
-84.3699537,39.2488625
-84.3785092,39.2312129
-84.3787131,39.2307309
-84.3776938,39.2283686
-84.3874383,39.2366977
-81.8262671,41.482913
-83.3830847,40.9507493
-84.3547287,39.2273551
-84.3409929,39.2595283
-84.3408266,39.2596819
-81.7603391,41.4653847
-84.3852909,39.2508439
-81.9010981,41.4196977
-84.5156198,39.2587519
-84.3292851,39.2732098
-84.3259855,39.2732803
-81.685572,41.3650125
-81.7195676,41.2266919
-80.6895606,40.3730447
-80.6777483,40.3760307
-80.7050484,40.3748788
-81.8128204,41.2373113
-84.7459258,41.1794713
-84.7402603,41.1812384
-84.0847142,39.7853492
-81.6040077,41.5102021
-81.8516381,41.4616789
-81.5923726,41.4659776
-81.8522139,41.4602095
-81.6399434,41.5014289
-83.212209,41.1106403
-83.2091348,41.1105087
-83.2091401,41.1103955
-83.2085956,41.1106623
-83.191224,41.1135473
-84.5846294,40.855927
-82.7845757,39.9286903
-82.6969721,41.4324908
-81.8326392,41.4191824
-83.0000843,39.970023
-83.0003449,39.9701753
-83.0027497,39.9718231
-81.7995779,41.4530179
-81.7693614,41.4804484
-81.7693625,41.4806098
-81.9595902,41.4619523
-81.7095129,41.4634763
-81.497594,41.5380568
-82.7384618,40.787783
-82.7343096,40.7879796
-82.7370255,40.7884928
-82.7328557,40.7874512
-82.7473044,40.7911413
-83.059498,40.0230935
-81.6562305,41.4469189
-81.8106433,41.4855446
-84.8812095,39.8290138
-81.6608903,41.503068
-81.6060967,41.4819697
-81.6164211,41.5373677
-81.5759892,41.5537751
-81.7903736,41.4769418
-83.0044104,39.9828112
-81.9388267,41.408424
-83.1063024,40.098957
-81.8296713,41.3724244
-81.5250983,41.4281156
-81.6346359,41.4144338
-81.6940129,41.4982334
-81.6035367,41.5100331
-83.5134027,41.1090544
-81.6903992,41.5010534
-81.4386638,41.1392233
-83.6690783,41.0406722
-83.0678442,40.3003632
-83.0680132,40.2983196
-81.7357726,41.4245936
-81.7383293,41.3841138
-83.0151597,40.1180187
-83.0102036,40.1177938
-80.6435088,41.0238109
-84.3512459,39.2369422
-81.5164661,41.0741476
-84.7113363,39.0850034
-81.797864,41.4950577
-83.0749252,39.8397015
-83.0883274,39.8395805
-82.0219832,41.4602532
-81.3996801,41.6921328
-81.6163437,41.4095035
-81.6175899,41.4095623
-82.8960387,40.0852792
-84.2843317,39.3032026
-84.2808434,39.3047302
-81.0983209,41.2848511
-81.4464323,41.2387285
-84.0566307,39.7667578
-81.6228895,41.3205429
-82.0417749,39.0197396
-82.0424979,39.0202254
-82.0373241,39.0254562
-82.0238593,39.0301388
-84.2176047,39.34682
-82.3218524,40.8641149
-81.4414635,41.2004287
-81.453388,41.5392845
-82.8284318,40.5484152
-84.0556677,39.8729174
-81.6852605,41.5028701
-83.152117,39.9829431
-83.1520925,39.9830762
-81.5023644,41.5880852
-83.0517274,40.0499414
-83.0745432,40.0564376
-81.6936927,41.4969639
-81.6936836,41.4970276
-80.5486955,40.4036778
-81.473697,41.5204043
-80.5480889,40.4035887
-80.550248,40.3999033
-80.7005082,40.3745858
-80.6145312,40.4510129
-80.6497666,40.3740365
-82.8654572,40.0492131
-82.864851,40.0482522
-81.8407998,41.228271
-81.8407736,41.227316
-81.8406846,41.2264276
-84.1874221,39.9596029
-84.187082,39.9596127
-82.8307703,40.3709003
-82.8284447,40.3761838
-82.8296812,40.3767738
-81.525383,41.6100549
-82.7509036,41.4409606
-82.7130353,41.4572462
-82.8477648,40.5493856
-81.8644926,41.4411541
-82.5909252,40.7619675
-81.9860603,41.4950125
-81.7228901,41.4415154
-81.5147755,41.0285658
-81.5126828,41.0726492
-81.5134588,41.0729527
-81.3586382,41.6188619
-82.4216048,40.057316
-84.1308667,39.7990386
-81.7858931,41.1366698
-82.0455055,41.4942746
-82.0446298,41.4942761
-81.7829585,41.3807516
-81.4366817,40.9155091
-81.6184948,41.5058571
-81.6919675,41.499284
-81.6999237,41.5008776
-83.0450065,39.9855563
-81.802775,41.4033744
-83.0537263,40.0067085
-83.6673171,41.6627023
-81.8393754,41.4796879
-81.5756635,41.3912649
-81.5893503,41.522904
-81.8003744,41.4339252
-81.141218,40.9022746
-81.1329389,40.9022375
-81.7632754,41.3886591
-81.8637328,41.1340022
-81.106327,40.9144072
-81.4058215,41.1569876
-81.4058006,41.1561641
-82.9565408,41.3692333
-82.9563687,41.3692201
-82.9564257,41.3692203
-82.9563048,41.3692176
-81.673609,41.5016693
-81.4351713,41.6430877
-81.4434891,41.6429087
-81.450389,41.6429693
-81.4510194,41.6428524
-84.4080118,41.6031779
-84.4079245,41.603216
-81.8646939,41.0349831
-81.1290297,40.9014737
-81.6963816,41.4189823
-81.6959525,41.4198748
-81.1446459,40.9014246
-81.8046532,41.3692316
-82.2229857,41.3799366
-83.0863223,39.8404738
-81.123563,40.9015539
-81.4794273,41.1195828
-81.4814235,41.1188191
-81.4822619,41.1187979
-81.839398,41.4790552
-81.336081,40.8357183
-80.6981233,40.0759
-81.9036824,41.3876016
-82.589505,40.7890182
-84.6194567,40.4806338
-81.1595969,39.9900093
-81.6937472,41.497053
-81.6941629,41.4970972
-81.6938351,41.4970282
-81.6938298,41.496973
-81.6941071,41.4970677
-81.6941352,41.4975291
-81.6942449,41.4970282
-80.8339195,40.9011795
-81.8631953,39.6567403
-81.7871664,41.4851803
-81.6328149,41.504246
-81.570225,41.0650864
-81.8511117,40.295014
-81.8988659,41.4252099
-81.3418945,41.5216827
-82.5909833,40.7739021
-84.4674933,39.2873879
-81.8636129,41.1417734
-80.6499151,41.1008835
-80.6498741,41.1017432
-84.5966544,39.2495425
-84.2684427,39.358526
-84.6211777,39.003671
-82.5466243,40.7174908
-82.5104034,40.6244966
-83.0877274,40.583624
-83.1441718,40.5881256
-82.571016,40.6808801
-83.0849334,40.5807529
-82.55612,40.4793637
-82.9419537,39.9854622
-81.5967254,41.3981887
-84.6385069,38.9900244
-84.6386054,38.9898967
-84.652375,38.9918605
-81.8030389,41.3697958
-81.6417452,41.3952288
-84.1505881,39.4114872
-84.1502287,39.4114188
-84.1502153,39.4115204
-83.845988,39.5226091
-81.7381616,41.3832979
-81.5485964,39.9733545
-81.685579,41.3514325
-81.7685203,41.4629169
-81.7694805,41.4500878
-81.7694741,41.4501734
-81.1109078,40.9012221
-84.0092395,41.4460225
-84.7436634,39.1504641
-83.0189523,40.0667672
-81.9039468,41.4704931
-81.7925524,41.4856623
-81.4722709,41.1195962
-81.513066,41.0755961
-81.5129801,41.0756547
-81.5129587,41.0757619
-81.4380696,41.3855128
-81.4415627,41.3870678
-81.3850375,41.3520084
-81.6319388,41.4145613
-81.4362605,41.3841442
-81.510787,41.027603
-81.7872612,41.4851838
-81.5133535,41.0729135
-81.5132512,41.0728763
-81.5131734,41.0728442
-81.5129923,41.0727739
-81.7021306,41.4533862
-82.1011532,39.3278717
-82.101445,39.3285141
-82.1011159,39.3286342
-82.1011064,39.3288011
-82.1015011,39.3279158
-82.1012383,39.3301039
-82.1012387,39.3300629
-82.1012354,39.3301536
-82.1010081,39.3294514
-82.1011243,39.3311112
-82.1015417,39.3306211
-83.0834911,40.5801677
-81.5777675,41.1129906
-82.7570472,41.4209703
-82.7048904,41.2498432
-82.1158254,41.4001681
-81.4546648,41.0602321
-81.5876108,41.0100961
-81.6894544,41.5029682
-83.018564,39.9951146
-81.5688748,41.1090752
-81.5241097,39.9161542
-83.0375548,40.2956016
-82.0194406,39.9056908
-82.019518,39.9055488
-81.7290075,41.4190578
-81.4939681,40.9827344
-81.2432465,41.1064881
-81.7279078,41.4624627
-81.7346442,41.460506
-81.7376147,41.4625502
-81.5678386,40.2865152
-81.5646736,40.285881
-80.6993597,40.900462
-82.9821624,39.9518795
-81.1180037,40.9008869
-81.908812,41.4687514
-81.4293203,41.0644687
-81.2410519,41.111457
-81.2433425,41.1114894
-81.4372077,41.044271
-81.425135,41.0320196
-81.4250385,41.0320162
-81.7868011,41.4553931
-81.8571112,41.4606668
-81.8612502,41.4589179
-81.7665052,41.4867786
-82.0399797,39.8929996
-81.7668896,41.4873881
-81.7685292,41.4876992
-82.9829449,39.9416839
-84.5988374,40.8546861
-83.3000128,40.8554894
-83.6176812,41.5455091
-83.9330185,39.1775722
-83.9332361,39.1869351
-83.9207479,39.0446683
-83.6215532,41.6538495
-83.6215825,41.6537764
-83.6123568,41.6525901
-83.7213888,41.6733423
-82.9238392,40.0943993
-82.9246021,40.0928076
-83.0081471,40.0015803
-81.6852903,41.3638696
-81.6841895,41.3623677
-81.7158639,41.3644693
-81.6853586,41.3595355
-81.68365,41.3671792
-81.695415,41.4186925
-83.0071965,39.9945485
-82.2618252,40.7834255
-83.0831651,39.8935316
-81.6905214,41.5010188
-82.0487342,39.9499681
-82.0477401,39.9495481
-80.993812,40.901284
-81.2593212,40.6768269
-83.4667294,41.5374048
-83.4624318,41.5226192
-83.4622762,41.5215689
-83.462193,41.5214766
-82.9924634,39.9442909
-80.8173165,40.9015068
-81.0974849,40.7318919
-82.2998324,39.8070511
-82.2109904,41.3858021
-80.8359518,40.9006217
-81.5136278,41.0285029
-83.7212081,41.6733575
-84.7668024,41.2904469
-80.8281725,40.9013244
-83.1641957,40.1038313
-83.1641924,40.1042924
-83.164172,40.1045723
-83.163225,40.104678
-83.1627498,40.104724
-83.1625866,40.1046298
-83.1617831,40.1045167
-83.1615837,40.1045702
-83.1613865,40.1045397
-83.016488,40.0354454
-82.9208042,39.9570957
-82.9209624,39.9571029
-82.4063171,41.2547042
-83.9645347,40.8338559
-83.9642718,40.8338557
-82.8620466,40.0661121
-82.8624004,40.0537012
-82.8623903,40.0538452
-82.8672837,40.0517061
-82.8775748,40.018948
-82.8670154,40.0186825
-82.8670518,40.0193886
-82.8668542,40.0199511
-82.8668805,40.0196715
-81.7879815,41.4855896
-83.050206,39.9309859
-84.1824906,39.7419924
-84.1825029,39.7420499
-84.1825399,39.7422293
-84.1824772,39.7417619
-84.1824517,39.7416423
-84.1826168,39.7426088
-84.182187,39.7421615
-84.1821399,39.7420203
-84.1820856,39.7417496
-84.1821146,39.7418679
-84.1820496,39.7415866
-84.1820181,39.7414011
-84.1817235,39.7412776
-84.1897902,39.7428081
-84.1827502,39.7433175
-84.1827799,39.7434314
-84.1828015,39.7435297
-83.0702569,39.8815677
-83.0852611,39.8910854
-83.0851498,39.8912788
-83.0794877,39.8987118
-83.0389582,39.8772565
-84.1722038,39.7472666
-83.1030817,39.9787839
-82.986352,39.8918108
-82.7016602,39.7960103
-83.5874857,41.5419418
-82.9556676,40.0480904
-82.955158,40.0485585
-81.6902002,41.4999701
-81.6890964,41.4991625
-81.6892721,41.4991293
-82.9655154,40.0873307
-81.5654457,40.9623102
-83.6785046,41.1819761
-82.9309154,39.9992771
-83.6006426,41.5485624
-82.9980545,39.8906717
-83.0008104,39.889651
-81.6873011,41.4772242
-83.5389535,41.6467046
-81.486686,41.4530603
-83.0000675,39.8854422
-81.4366926,40.9148929
-81.4364347,40.9147541
-81.4722548,40.4923426
-81.4772973,41.520312
-81.5706236,41.1098426
-84.3093832,39.3601154
-84.3147813,39.3582687
-81.9529054,41.4597208
-84.3202862,39.352046
-81.4746653,41.1200399
-81.4391501,41.1006264
-82.9242071,40.265739
-81.4956894,41.1145639
-81.5434201,41.0923031
-81.5674333,41.0841889
-83.7065411,41.6736505
-80.5851755,40.6715492
-80.7065265,41.103381
-80.5876471,40.6687931
-82.9114994,40.0582443
-82.7116949,40.4930691
-83.7222296,39.8938175
-83.722016,39.8937119
-83.2015455,41.1125535
-80.3475063,41.0014228
-80.3439275,41.0022953
-82.5350097,39.9392596
-82.5350494,39.9391719
-82.5363649,39.945705
-81.903099,39.9682694
-81.5915624,41.436194
-84.3412961,40.8472811
-83.0090296,40.0058518
-81.5909944,41.4449149
-81.5916556,41.4361221
-83.6582161,41.3814985
-81.5543274,41.3151443
-81.657695,41.3145692
-80.6945387,40.8996593
-81.6546956,41.3141733
-81.6547888,41.3141476
-80.3489147,40.9995832
-82.0690306,39.3376936
-82.0698981,39.3377417
-81.7800929,41.4483891
-81.5086948,41.1273104
-81.4376923,41.1004509
-83.8814941,41.5804423
-82.9253857,40.111777
-81.377073,41.6578298
-81.3613826,41.6613281
-81.3683712,41.6585119
-81.363938,41.6606328
-81.3773301,41.6525902
-81.3663107,41.658735
-82.0190541,41.4687901
-81.7348352,41.440633
-84.3617146,39.353083
-84.3617014,39.3532619
-81.4806186,41.4628315
-81.4774182,41.164979
-81.477568,41.1644957
-80.3463027,41.0000498
-82.2083897,41.4169285
-83.5342667,41.6527301
-84.5118958,39.1107166
-83.0394617,39.9889138
-81.9967791,41.3983774
-82.0862039,41.3744153
-82.0869128,41.3742524
-81.7859216,41.3792252
-83.0442693,39.8794109
-82.9449239,40.0886155
-82.9769122,39.3616379
-82.0372593,39.0254975
-81.6971662,41.4198781
-82.9571199,40.0855508
-82.9947107,40.1355654
-82.9542962,40.0863142
-82.9586475,40.0873628
-81.8108025,41.4855412
-81.5156005,41.1023465
-83.6847885,41.5798361
-80.7698439,41.7416627
-80.999947,40.2761883
-81.6835586,41.4991417
-83.6150938,41.6608183
-83.61395,41.6604446
-83.6140787,41.6604446
-83.089638,40.1196822
-81.6253811,41.3211805
-83.0805373,39.8400763
-83.0754754,39.840479
-83.0088999,40.0053169
-84.3942724,39.2936121
-84.3928109,39.2926716
-84.239397,39.568519
-82.9962956,39.1130792
-81.641836,41.3962696
-83.6222226,41.544302
-81.862886,41.1610639
-80.6490106,41.1046411
-84.2411444,40.0554386
-82.071155,39.3366551
-82.0724969,39.3360124
-81.7274474,41.3132402
-81.7325093,41.3143499
-81.7339686,41.313429
-81.7338675,41.3134294
-81.3286388,40.8360679
-81.4820987,41.1018891
-81.4657633,41.3965452
-81.6429421,41.1372658
-81.6263316,41.2763453
-81.5075763,41.148276
-81.482747,41.1806519
-81.4808172,41.1799526
-84.26736,39.3441729
-81.4046738,41.1669531
-81.404666,41.1668974
-81.4057684,41.1652591
-81.6056613,41.1273776
-81.7796999,41.4270707
-81.7343379,41.4033156
-81.736574,41.439825
-83.3696137,41.4896078
-83.3697096,41.4895798
-81.4323819,41.0326804
-84.2344432,39.1948998
-81.4908307,41.03102
-81.1078536,40.9013373
-83.0067167,39.9969067
-81.1107928,40.9012131
-81.110691,40.9012156
-82.1856914,41.4400866
-84.2204429,39.8992008
-81.7293543,41.0246291
-81.7293528,41.0250138
-81.8651032,41.4409607
-84.268281,39.3440618
-84.2668715,39.3447038
-84.2679855,39.3427347
-84.2185991,39.8990469
-81.866907,40.2721657
-81.701908,41.454012
-81.5687991,41.1091923
-82.9394842,39.8647702
-83.338707,40.2413833
-82.4849185,40.3846704
-80.8883981,41.1044244
-80.8884421,41.1043444
-82.7096133,41.4338139
-82.7060759,41.4326525
-83.0439305,39.8793834
-81.4726736,41.1196048
-81.4725363,41.1196005
-82.6867295,41.431759
-82.674718,41.4176101
-82.6730571,41.4158448
-82.6729331,41.4157183
-82.6647871,41.4099767
-82.6674897,41.4107897
-82.6635393,41.4089436
-84.3751628,39.0832074
-80.7660255,41.0985234
-82.1267066,41.3836101
-80.5691941,41.1782531
-80.5689746,41.1790487
-80.5678769,41.1790059
-80.3497025,41.0115951
-80.7626378,41.0983341
-81.5117123,41.3134531
-81.4643148,41.3951226
-81.4643479,41.3951417
-81.5037844,41.3149158
-81.5219294,41.3143959
-81.5207309,41.3145324
-80.6646153,41.148995
-80.664837,41.1482888
-80.6647213,41.1479071
-82.9300723,40.2673565
-82.9300794,40.2672417
-82.2621004,40.8567014
-82.2620845,40.8566248
-82.2620858,40.8565274
-82.2820093,40.8615179
-82.9990704,39.9636458
-82.0776371,41.4206418
-81.3783684,41.6539967
-80.6590017,40.9488106
-80.6591175,40.9492986
-80.4365461,40.9624326
-83.0329525,39.9886375
-82.0274406,39.9876373
-82.0191143,39.9806055
-82.0189952,39.9806011
-82.4004717,40.0580484
-82.4026245,40.0585312
-81.7108864,41.4037769
-81.4062333,41.1562499
-81.739375,41.3834491
-80.7230013,41.1429071
-84.2668552,39.3455667
-84.3788951,39.3112472
-84.2314885,39.5979979
-84.3325589,39.439101
-84.2732712,39.3400711
-81.1536398,40.9023441
-81.1351536,40.9023495
-84.140522,39.7486221
-83.0084951,40.002977
-82.4766377,40.7748365
-81.5758135,41.1126763
-81.803434,41.4852523
-84.27178,39.2622076
-83.0095609,40.0064745
-84.296477,39.2532741
-82.8695089,40.2450483
-82.921084,40.1484832
-82.9209529,40.1484164
-82.9201189,40.1490889
-84.3362922,39.2767182
-82.8813455,39.9979439
-82.8806754,39.997671
-82.8822229,39.9980004
-83.0164641,40.0064935
-84.6466474,40.6917332
-81.4396732,41.1019253
-81.4390042,41.1010859
-81.4968525,41.4469711
-81.4968461,41.447298
-84.3462897,39.0730422
-83.4872133,41.6166836
-83.4886781,41.6176172
-83.4915655,41.6193351
-83.4916512,41.6202925
-82.4241087,40.5872569
-83.347494,40.2347841
-83.0290763,39.9848705
-80.8195249,41.2345641
-81.909883,41.4168753
-84.0561391,39.726057
-84.0560359,39.7260212
-84.0563084,39.7261076
-84.1682165,39.6847548
-81.7238483,41.4405267
-84.5168697,39.1279281
-81.4065785,40.9758947
-81.345292,40.9673438
-84.2972651,39.2513388
-81.4916074,41.5202142
-81.5803903,41.4494968
-81.5805513,41.4495069
-84.3261821,39.2712128
-84.3290792,39.2731714
-82.9213221,40.1471603
-82.9220872,40.1470577
-82.9222376,40.146278
-82.9227987,40.1462431
-82.9225893,40.1455946
-83.0065835,39.9682496
-83.0041381,39.9696076
-81.217179,41.5861976
-82.9869941,40.7886275
-82.9870573,40.7886698
-82.647748,40.8724139
-82.6451794,40.8706845
-82.6464168,40.8700847
-82.6460412,40.8696971
-82.6568266,40.8812536
-84.3613128,39.3546004
-84.3671084,39.3544989
-83.0167752,39.0630849
-84.5115302,39.1063882
-84.5116958,39.1063685
-83.4246139,39.5498013
-83.4272719,39.5462546
-83.4414965,39.5349042
-83.4410458,39.5345558
-83.445882,39.5327972
-83.4272617,39.5453424
-83.4266968,39.5425604
-84.5140794,39.1283364
-84.5196954,39.1280103
-81.4057768,40.8950031
-81.4059711,40.895667
-80.3364844,39.5250904
-81.4068665,40.8985305
-83.1425717,40.083512
-81.4218434,40.8982728
-82.9252697,39.9565672
-82.9320588,39.9567706
-82.5462137,40.7211132
-82.5441312,40.7197151
-82.5431347,40.7224037
-81.4069589,40.8969475
-81.4069603,40.8968944
-81.4069874,40.8952635
-81.4060581,40.8956676
-83.6441653,41.3745878
-83.1461017,39.9517458
-81.4203832,40.8600366
-81.4223708,40.8561304
-83.7836964,41.5329178
-83.6967211,41.6120256
-83.6796402,41.5818939
-80.5898512,41.0914239
-83.6520122,41.7011336
-83.6521301,41.7020479
-83.6557455,41.7034193
-81.1062099,40.9177109
-84.4615653,39.3575876
-81.5268644,41.4119339
-84.8520763,39.1155804
-81.3663715,40.8757703
-84.4621039,39.3507524
-81.689168,41.5000976
-84.0753778,39.7761824
-84.075251,39.7762207
-84.1944538,39.7615041
-84.1924678,39.7630131
-84.5182705,39.1283135
-84.517369,39.1282678
-84.1900209,39.221593
-84.2585617,39.229113
-83.3811966,39.3518014
-84.5155996,39.1281171
-84.517019,39.2154047
-82.3488343,41.4253061
-84.0578478,39.7267789
-84.0582386,39.7288563
-84.1953623,39.7598389
-84.4766015,39.4800276
-84.4582174,39.4813488
-84.2953654,39.2129049
-84.5399531,39.158312
-84.5130369,39.1006993
-84.5129173,39.1019407
-84.5101034,39.104006
-84.5181689,39.1158281
-83.9926521,39.2984969
-83.9981676,39.289824
-84.5167762,39.1322495
-84.5174611,39.1319006
-84.5177876,39.1312655
-84.5171153,39.131245
-84.5168796,39.1315533
-84.5154876,39.130667
-83.8323857,39.433179
-81.8030735,41.4159014
-84.3976816,39.106873
-84.5127648,39.1027341
-81.494803,41.0751972
-84.4966248,39.0944881
-82.335623,40.8550466
-82.3287055,40.858327
-82.6909663,40.3085671
-82.7014383,40.3006198
-84.0572257,39.7610743
-82.4846639,40.3842262
-83.0900546,40.1162643
-83.0892119,40.0944634
-83.0922909,40.0935383
-83.0921565,40.0933616
-83.0921689,40.0934594
-80.6468982,41.103593
-81.5356395,41.4501905
-84.1985997,39.1866302
-84.5198569,39.1284039
-83.8921733,40.8929788
-82.9514915,39.3386265
-82.9513278,39.3385978
-84.5111111,39.1009709
-83.0048097,39.9819513
-83.0034032,39.9773918
-84.6563455,39.0533735
-84.6542775,39.0532643
-84.653592,39.0533738
-84.6546723,39.0502565
-84.6559755,39.0501953
-84.6560331,39.0501236
-84.6563103,39.0500903
-84.6563652,39.0501454
-84.6563987,39.0501984
-84.5996002,39.0167334
-84.6313643,39.0034109
-84.6115304,39.0092735
-84.5853385,39.0223015
-84.5795332,39.0247318
-84.5792655,39.0244928
-84.5793214,39.0245457
-84.5536556,39.0474145
-84.5410059,39.0605511
-84.2413818,39.7999643
-84.1463724,39.6898222
-82.4019657,41.254566
-81.7845285,41.4048006
-84.3634256,39.188696
-82.8279453,40.4631657
-84.5719678,39.1929222
-84.5846468,39.2165449
-83.0041972,39.9716351
-83.0043836,39.9717368
-83.0044453,39.9720457
-83.0042917,39.9717353
-84.5117125,39.1015237
-84.5990367,39.2447645
-84.5990631,39.2456232
-84.5991596,39.2456637
-84.5992857,39.2455982
-84.5993608,39.245512
-84.5994238,39.2454248
-84.5986514,39.2444624
-84.3792829,39.197707
-84.3800675,39.197164
-82.9318682,40.1270904
-82.9313728,40.12573
-82.9314484,40.1267891
-84.1340557,41.5639164
-84.1339862,41.5639036
-84.3157739,39.2957896
-84.3152919,39.3062675
-84.3151714,39.305256
-84.3150022,39.3085878
-84.191962,39.4340089
-81.8191101,41.484776
-82.1065312,41.3969994
-82.1062883,41.395432
-82.1069294,41.3942006
-82.0190036,41.470377
-82.0190269,41.469564
-83.5432166,39.6515136
-82.6396315,39.7397066
-84.1012549,39.6946279
-84.5493309,39.2171846
-84.5222345,39.3061589
-82.1654053,41.4133542
-82.0790776,41.3888257
-82.9714781,40.0619943
-82.9744038,40.0615508
-82.9849228,40.0602698
-82.9849487,40.0617189
-82.9861198,40.0596887
-82.9810528,40.0611262
-84.1683246,39.6851632
-84.5208708,39.0872662
-84.5094834,39.0971371
-84.1970581,39.6300799
-84.1969634,39.630058
-82.1017956,41.3627968
-82.8967443,39.9744711
-82.8987251,39.9742783
-84.5064826,39.1010138
-84.5136008,39.0999503
-84.5118826,39.100732
-84.5970534,39.2468305
-84.5979552,39.2503109
-84.6018902,39.2525728
-84.5903918,39.2325923
-84.5855463,39.2197115
-84.5876531,39.2232065
-84.5843079,39.2203304
-84.5941386,39.2430831
-84.5867185,39.2233564
-84.5928499,39.2392437
-84.5936233,39.2411902
-84.4846226,39.2913177
-84.4854142,39.2907593
-84.4853371,39.2908315
-84.5946891,39.2455888
-81.9970635,40.9991587
-84.5632686,39.2779976
-84.4661129,39.2897516
-84.467907,39.2902267
-84.4844598,39.2861992
-82.2717204,40.8626035
-84.468284,39.2851151
-84.468319,39.2847124
-84.4683619,39.2843407
-84.4452395,39.2849644
-84.4449915,39.284968
-84.4645221,39.2910958
-84.4648178,39.2906749
-84.463996,39.2894742
-84.4638942,39.2894659
-84.4320478,39.3232512
-84.4302398,39.3253005
-84.4302539,39.3252375
-84.4302716,39.3250254
-84.4301283,39.3250035
-84.4294612,39.324961
-84.43038,39.3264576
-84.4276086,39.3173716
-84.3929669,39.3449181
-84.3963843,39.3459158
-84.3950472,39.347262
-84.3958334,39.3496705
-84.3661206,39.3560147
-84.3649299,39.3583877
-84.3648977,39.3586946
-84.3442936,39.4406326
-84.3455443,39.4410004
-84.3454311,39.4409818
-84.3286529,39.4390144
-84.3291676,39.4402717
-84.3368336,39.4352809
-84.3369047,39.4341149
-84.3370815,39.4342248
-84.3372299,39.4342625
-84.3371732,39.4342499
-84.3344916,39.496152
-84.3364599,39.4970049
-84.3365607,39.4970643
-84.290956,39.5424498
-84.2942186,39.543961
-84.3561407,39.4998502
-84.3564255,39.4998826
-84.2848984,39.5637415
-84.2568561,39.5626807
-83.1193744,39.9252836
-83.1195068,39.9252742
-83.0085062,40.0033497
-84.2124331,39.6308826
-84.2259164,39.6366781
-84.2260571,39.6369561
-84.2240556,39.6413807
-84.2153466,39.6353983
-84.2141657,39.6351432
-84.2139933,39.635118
-84.2138198,39.635034
-84.2256282,39.6390636
-84.2069799,39.6334685
-84.2068566,39.6334643
-84.1890345,39.6267418
-84.1880587,39.6270939
-84.1877396,39.6270765
-84.1870496,39.6269217
-84.1917298,39.629918
-84.2227672,39.6342795
-84.2206028,39.634093
-84.2202572,39.6345987
-84.2210539,39.6338235
-84.2214392,39.633971
-84.2204468,39.6341284
-84.220451,39.6337118
-84.2204243,39.6337559
-84.2203958,39.6337993
-84.2203701,39.6338452
-84.2203386,39.6338836
-84.2203132,39.6339282
-84.2203305,39.6339869
-84.2206828,39.6340986
-84.1552489,39.6446918
-84.1510645,39.6442671
-84.1524322,39.6442669
-84.1531192,39.6442784
-84.1584718,39.6564718
-84.1075727,39.6490617
-84.1078825,39.6474949
-84.1100192,39.6466786
-84.1100232,39.6466177
-84.1074815,39.6372924
-84.1094025,39.652192
-84.1091759,39.6521953
-84.1080594,39.6631008
-84.1079759,39.6638873
-84.1079635,39.664014
-84.1018129,39.6957027
-84.102741,39.6958276
-84.1037427,39.6948291
-84.1030647,39.6938028
-84.1018451,39.6937403
-84.1033453,39.6948243
-84.1602382,39.2327094
-84.1010096,39.6970045
-84.0703824,39.7768807
-84.070656,39.7770384
-84.0705058,39.7770704
-84.2656975,39.0948611
-84.2655772,39.0948251
-84.0549402,39.7779334
-84.0548408,39.7779476
-84.0541977,39.7780742
-84.0526725,39.7615923
-84.0545305,39.7721126
-84.0609399,39.7721676
-84.060855,39.7721527
-84.0546814,39.7619464
-84.1572828,39.6599783
-84.1574273,39.6599746
-84.0561486,39.767321
-84.0560239,39.7668138
-84.0563552,39.7668973
-84.0563979,39.7668278
-84.0565616,39.7667356
-84.0566988,39.7667802
-84.0566134,39.7670637
-84.0566398,39.7670255
-84.0566642,39.766988
-84.0566866,39.7669489
-84.0567089,39.7669083
-83.9958897,39.7841212
-83.9954702,39.7843162
-84.0561532,39.7670896
-84.0014849,39.7820577
-83.3698997,39.9590913
-82.9077646,39.9722137
-82.9090228,39.9720469
-84.4761978,39.0873568
-84.1530753,39.0824817
-83.1466868,39.9849837
-83.1495303,39.9852799
-83.1494867,39.9849967
-83.1494743,39.984912
-83.1493894,39.9847676
-83.1491864,39.9908046
-83.1518765,39.9823118
-83.0015615,39.9657149
-83.0014542,39.9652863
-83.0005342,39.9627947
-83.0060541,39.9683078
-81.5226476,41.3115775
-82.9072926,40.0557439
-82.9167298,40.054263
-80.8182053,40.8998618
-82.9162791,40.0584791
-82.9158125,40.060228
-82.9818894,40.0146137
-83.1164543,40.0313262
-83.1358615,40.0316385
-83.1367573,40.0325075
-83.1385343,40.0329435
-83.1412919,40.0332052
-83.1415623,40.0331734
-83.1150674,40.0289688
-83.1318394,39.9517018
-83.1070245,39.9527504
-83.0381468,39.9432038
-83.0633335,39.8779879
-83.0627951,39.8770824
-83.0372384,39.8801439
-83.042883,39.8757076
-83.0266331,40.2023569
-83.0303204,40.2013841
-83.0715233,40.2648017
-83.0710051,40.2680723
-83.0690691,40.2735467
-84.2254363,40.0489079
-82.9628353,40.0399694
-82.9651368,40.0369563
-82.8979107,39.8532817
-82.8297558,39.8562223
-82.8299745,39.8546834
-82.830231,39.8546982
-82.8306162,39.8547249
-82.8296252,39.8546585
-82.8264197,39.8524099
-82.9272094,40.111499
-82.9254164,40.1114612
-82.9243383,40.1069631
-82.884267,39.8973962
-82.8842639,39.8974954
-82.8812057,39.9003723
-82.8807692,39.9221722
-82.8255358,40.08932
-82.8304645,39.9287138
-82.8292338,39.9269508
-82.7805768,39.9119696
-82.7804814,39.911567
-82.7786327,39.9064237
-82.7014818,40.1455824
-82.6865281,40.1524249
-82.6861275,40.1529477
-82.4271907,40.0834912
-82.4427839,40.0312496
-82.4344652,40.0344164
-82.429878,40.0370294
-82.4305038,40.0379233
-82.4299387,40.0384095
-82.4293685,40.0375398
-82.4290676,40.0378324
-82.4494491,40.0237402
-82.4494562,40.0233662
-82.4481872,40.0213279
-84.5100283,39.1084868
-81.5258765,41.4340167
-83.0678052,40.1168545
-84.1070534,40.7403264
-84.7109466,39.0882835
-84.5407884,38.9542093
-84.6298032,38.9569174
-84.3994596,39.2082134
-84.3986915,39.2086293
-84.6727737,38.9655346
-84.675016,38.964982
-84.6585833,38.9777524
-82.629784,39.0453369
-84.6358732,39.0941626
-81.3850034,41.1010552
-81.3870233,41.1011411
-81.3873562,41.1011816
-84.4521905,39.1599072
-83.6703802,41.0600983
-81.5009908,41.4098654
-81.8179785,41.2365706
-84.2649671,39.0966237
-81.8180055,41.4518715
-81.5881569,41.1181729
-81.5610733,41.043259
-82.5573877,40.758932
-82.5578651,40.7589035
-82.5608987,40.7589808
-80.7732811,41.2767893
-82.4926299,40.4060592
-81.4474641,39.4221813
-82.6566532,40.8808725
-81.5090143,41.1361315
-80.7275753,41.3235578
-84.7877236,39.2484559
-84.7902744,39.2489253
-84.6564944,39.1909949
-83.0020557,40.024603
-83.0372104,39.8766789
-83.6399792,41.5278584
-84.1332605,39.6890649
-83.0004839,39.9699617
-80.834454,38.9362534
-80.7358208,41.0253028
-81.8195703,41.4502849
-84.0526071,39.7616025
-81.7293686,41.0449003
-81.7281306,41.0457113
-84.4656886,40.2252509
-84.4656216,40.225255
-80.6211835,40.3736231
-84.2427641,40.0562303
-82.8031691,40.7342961
-82.8189255,41.6520002
-82.8173677,41.6527693
-84.0490291,39.7717359
-83.0086495,40.0039822
-83.0086495,40.0038885
-83.0086458,40.0038237
-81.3118009,41.6759763
-81.288364,41.6899861
-81.3107934,41.6763014
-83.4482031,39.8870956
-83.4466489,39.887336
-82.8195589,41.6539736
-81.8015233,41.4347047
-84.482909,39.1068511
-81.5897554,41.0034904
-81.7543696,41.4667705
-81.7145657,41.4695568
-81.3861587,40.8296918
-84.5529157,41.672414
-83.4205471,41.1773596
-81.5799305,39.2747505
-81.5852829,39.2743255
-81.5276219,41.0458112
-84.1627917,40.394662
-83.0912201,40.1535457
-83.652098,41.5668291
-83.7960638,41.3442979
-84.3750033,40.3383271
-83.6306893,41.5600157
-80.8264799,38.9483608
-83.6364981,41.5470887
-82.5833471,40.6785431
-82.6884003,41.4820652
-82.6919578,41.4859819
-82.6920645,41.4859166
-82.6884564,41.4821063
-81.6049841,41.5094229
-84.1382312,39.8677668
-82.6831562,41.4819536
-82.6765605,41.4423064
-83.2017541,41.1125343
-83.8069299,39.9314397
-83.6039796,39.6181957
-84.1588773,39.7330332
-82.0163709,39.9793787
-82.0102209,39.9669058
-83.007166,39.9933988
-81.561849,41.448869
-81.5637442,41.4479891
-81.563897,41.4479825
-84.7933681,39.2605869
-80.3724293,39.2650603
-81.3926644,41.051969
-81.3926581,41.0518905
-81.5251804,41.6104463
-84.2887901,39.6417821
-83.3868924,40.2397616
-83.0062969,39.9879891
-83.0058771,39.9880158
-84.6590831,39.1922425
-80.3471589,39.2590886
-81.635814,41.5291575
-83.6215952,41.683669
-83.6246191,41.6783675
-83.6242584,41.6778199
-83.6243285,41.677822
-84.4240522,39.1573341
-82.9258123,40.260064
-81.5495653,41.5935557
-84.2774775,39.1605274
-82.5128402,40.8158272
-81.735312,41.3827016
-81.3589306,41.7078333
-83.5081341,41.7239201
-84.6275474,38.9575275
-84.6271303,38.9567944
-84.6268293,38.9567881
-84.6261386,38.956761
-84.3119462,39.0726744
-81.6079098,41.1275505
-84.109472,39.6509879
-81.4616682,41.0281236
-82.5285379,40.738439
-81.4908978,41.0326799
-81.4908984,41.0323142
-81.4909481,41.0342515
-81.5099689,41.0291593
-80.7314645,41.3124057
-82.9768893,39.3574085
-81.5076133,41.1089626
-81.4687574,41.5204194
-81.4501378,41.5196364
-81.3321132,40.9637542
-81.3317431,40.9637663
-81.9878172,41.4605167
-83.0164031,40.1646133
-82.981262,40.1420301
-82.5956832,41.4092239
-81.4384384,41.0494199
-82.5456198,40.6527003
-82.5456911,40.6527764
-81.4414465,41.1022956
-81.4400572,41.1043668
-83.5568089,41.6318146
-83.5543497,41.6326876
-83.7026576,41.6162593
-83.6651614,41.6523809
-83.6653499,41.6305571
-83.663935,41.6376661
-83.6636771,41.6381962
-83.6639161,41.6395966
-81.6997721,41.4712811
-81.5085632,41.0823354
-81.4821696,41.5829532
-82.5128423,40.7775719
-81.5685444,41.1090788
-81.5668009,41.1078212
-81.5703273,41.1102954
-82.109814,41.3680457
-82.1108063,41.3674194
-82.1008968,41.368005
-83.541544,41.6521633
-81.4917929,41.0392659
-81.4909185,41.04033
-81.7110331,41.4895553
-81.5072331,41.1481237
-82.184773,41.4524259
-81.7451604,41.3840891
-81.7429693,41.3840754
-81.7415224,41.3841966
-82.1761417,41.4670452
-82.1851488,41.4615028
