-7.928271969072459013e-01,-1.153211692723250970e+00
-1.545908601697843388e+00,-5.109508202592600856e-01
1.245254329994013531e+00,-4.690226284050475480e-01
-1.183345454895253779e+00,4.054194049833550473e-01
1.167904896687044669e+00,-4.015492500662913300e-01
-8.550895956430480949e-01,5.579015515689984550e-01
-8.159810880592468507e-01,-1.063042055832217558e+00
-3.969825711595244555e-01,1.632761580120670741e+00
8.771273010928736236e-01,-1.332274727083458954e+00
1.642792081533186677e+00,-5.489896981762460992e-01
-6.461385775625387573e-02,1.534630974389674662e+00
9.350160292672928808e-01,-5.602051441467259529e-01
-1.426890252014363814e+00,-1.436628314417985219e+00
1.293022552951148541e+00,-8.907237730516436303e-01
-6.788589855905410309e-01,-1.083413508527594438e+00
-5.850617439647375351e-01,1.502913831733310834e+00
-7.763933418627859684e-01,-2.732613572411619896e-03
1.199368983832187263e+00,-1.331417003445701797e+00
-1.459803282140374581e+00,-8.067384852314611887e-01
2.327869893963482872e-01,-1.335960720176900540e-01
1.117843098137515367e+00,-1.071755282671138509e+00
1.265059801550788565e+00,-6.918132867186530532e-01
1.235546475259512444e+00,-3.115014110834342653e-01
1.031186137959419824e+00,-7.275391311705878272e-02
1.957726892542343833e-01,1.442826158089408173e+00
-3.088625077974500172e-02,1.741282991343784170e+00
1.236158479334368732e+00,-2.900108667742132829e-01
-1.856176477471628006e-01,1.397956871367711518e+00
-1.079187413866298378e-01,1.722937174097524116e+00
9.462421226969008892e-01,-1.706330968887007915e-01
-1.666041186589504175e+00,-1.082488086847167352e+00
-1.222447789368336979e+00,8.779255768884390854e-01
-1.307239766240077428e+00,-7.623439845917435731e-01
-9.228269604849793639e-01,5.149693379031334423e-02
1.233495453489868110e+00,-1.017764555307628660e+00
-1.316735654151879764e+00,3.226193293912018589e-01
1.236330934422628758e+00,-2.008857669926112088e-01
-9.573641487015530638e-01,-3.656635789152845595e-01
1.111105113771511110e+00,-1.386108627611301936e+00
-1.090750295832048300e+00,6.034067078638880588e-01
-5.890121318193888844e-02,-4.657653809716240101e-01
1.141929384498686639e+00,-6.092301403737899745e-01
1.017627627002423596e+00,-8.507950886984718686e-01
1.120784305779477519e+00,-3.520524317625737254e-01
8.329227480718270904e-01,-1.867181999445443330e-01
1.223392963197461825e+00,-2.607442702070660312e-01
1.083395941353838543e+00,-2.442757349052565863e-01
-1.611099959510012392e+00,-1.040166446734211103e+00
9.588958741179526291e-01,-3.592766387270038275e-01
9.617759828054638360e-01,-1.030615392100894923e+00
-1.257011441358583559e+00,-3.644262463699659005e-01
-1.518417055592488352e-01,1.516162986129488965e+00
-1.537288513620724828e+00,-8.118692944422689628e-01
-7.394189234915730935e-02,1.223729653542753537e+00
-1.079266778778543712e+00,-1.109163337697239404e+00
-5.568899436790393231e-01,-8.718836644581311468e-01
-8.926952230796606491e-01,1.793466885893913787e+00
5.349680542292264279e-02,1.470907132997886446e+00
-9.121444377407037507e-01,-9.868540285188862615e-01
7.987502202811875840e-01,-8.984316336828781502e-01
-5.135366521884059399e-01,1.625006294257950179e+00
-2.252659305717082672e-01,1.470708052592203385e+00
9.653844146105159396e-01,-5.615556317723976315e-02
-1.541858204156864476e+00,-9.364211624511048493e-01
1.095836871989046779e+00,-5.096551125325409215e-01
1.345049738172069853e+00,-4.607764687944706505e-01
3.034567629811021350e-01,1.194512758509979289e+00
1.378267607700800479e+00,-6.336390560942007921e-01
-5.718271372273070474e-01,-4.470962824646162320e-02
1.190690410961343426e+00,-1.321419947633796221e+00
1.258286805691172905e+00,-8.375583882690617044e-01
1.256563499859179034e+00,-1.204410101640583042e+00
-9.856517160970080793e-01,6.905201053729014271e-01
-1.177983215659322846e+00,4.743938758685945500e-01
-1.513732382609408011e+00,-5.937715801862158971e-01
1.128840746645874693e-02,1.287454447694905468e+00
-1.611359881670185290e+00,-1.100951533315309039e+00
3.627691285582145264e-01,-3.373272495363408008e-01
1.257188357730790740e+00,-4.640078813297816018e-01
-1.022140097602632247e+00,1.263913287095235483e-01
-1.201666901706704982e+00,-6.435729096287992612e-02
-7.689637641390564271e-01,5.109192586018381776e-01
1.298208509999807081e+00,-2.467293817945091089e-02
1.152982097952466756e+00,-1.179481796463121901e+00
-1.614978660792923293e+00,-3.918103652391681790e-01
-8.646783476062763762e-01,-9.857563162260171152e-01
-8.579931902744009076e-01,1.918519924172434221e+00
1.194026846308807510e+00,-9.223919006897245421e-01
-8.685356713915401983e-01,-1.336467036364568095e+00
-1.440887316789209116e+00,-9.876111214853748876e-01
3.770208826404990443e-01,-5.131771029982996613e-01
1.510966857742259695e-01,1.476651047472604228e+00
-2.204834330322865688e-01,1.172377145600722814e+00
1.351344895751488417e+00,-4.880719126586016698e-01
5.623053293319048018e-01,-6.709426111322572828e-01
-1.657793105015241464e+00,-7.438118406193298116e-01
-1.970507415769923720e-01,1.427377142970584822e+00
1.097035686223248430e+00,-1.005330370712198329e+00
-1.323113097185565357e+00,-5.978443664462093077e-01
-1.751611376846739843e+00,-8.680683847358817706e-01
-6.280349745144475637e-01,1.643306713916669493e+00
-7.356026912245000604e-01,-1.320801865533048902e+00
-8.344076266263695807e-01,1.998066119747733627e+00
1.160941735831788391e+00,-1.232444657282081080e+00
1.059099832631597238e+00,-8.615530393555920208e-01
-1.287690191584210941e-01,1.481206105156525732e+00
-1.019010459815813840e+00,7.804424812117287669e-01
-1.061831601749370080e+00,6.254429223549572425e-01
-1.768988004142564963e+00,-5.598548902739082234e-01
-1.335130181110937064e+00,-8.295956792333202268e-01
9.103932480485193990e-01,-5.061269460949381349e-01
3.953276498419494578e-01,-3.259474438934670815e-01
-1.223445009647737169e+00,-5.923255078076379576e-02
1.226185787235216651e+00,-3.091347574636946205e-01
6.061271090742514911e-01,1.311460258362228792e+00
-1.033844083369767741e+00,-8.057221404841820034e-01
-6.363606745803256359e-01,2.269363145336993348e-01
-7.383626179467115414e-01,-1.064623004716943599e+00
1.358376498183618608e+00,-7.126294706382718669e-01
8.200288714148705749e-01,1.053425823693971974e+00
-4.415738593518663824e-01,1.352124996731502771e+00
1.679285680833973338e+00,-7.844829634426815357e-01
-1.149076704315789010e+00,-4.679246409126059381e-01
-4.252518973316314899e-01,1.354501829515896372e+00
-6.432957560713651324e-01,1.795001081854954661e+00
1.155903703170077651e-01,-2.493907269345284894e-01
1.139758347648027748e+00,-5.784062615658197570e-01
1.337753847893080161e+00,-5.340496189770297386e-01
1.228136217360460858e+00,-4.787956757470044900e-01
9.297682525480488458e-01,-1.129650817016288000e+00
1.005405960332305337e+00,-2.935903968300335731e-01
1.111916340358004018e-01,1.270069780016473526e+00
-6.282420432720744463e-01,1.732171772851098579e+00
5.418221084165544266e-01,1.155589942332044373e+00
-6.651717560838760201e-01,1.716759258284440870e+00
4.163974093021391432e-01,-6.685595951400810089e-01
9.222931474353761594e-01,-7.203210060762464950e-01
4.039908265979541557e-01,-4.477266874594606483e-01
-6.427532953538854787e-01,1.632328316716574079e+00
1.258958729320338144e+00,-8.627232046259044607e-01
-1.426501861230363266e+00,-5.895726359217033918e-01
9.880602820529084118e-01,-5.993119164815282618e-01
1.232369070079671669e+00,-5.572410737836100414e-02
2.407767310640567537e-01,-4.440760520116924792e-01
-1.351855853163585808e+00,-3.919231364955039210e-01
-3.403513453156595259e-01,1.678543888092282721e+00
-1.459951020026260649e+00,-1.033580769379885300e+00
8.957269362532384038e-01,-4.904748849031411728e-01
-1.249557811988250000e+00,3.053374872374505777e-01
-1.596629882776182674e-01,1.277154052474860801e+00
1.046495369866781600e+00,-1.922879586553647435e-01
-1.093674337503154764e-01,1.570639235228224129e+00
1.318696822733792295e+00,-4.627765784678946059e-01
1.231930254847725115e+00,-7.818925005012536955e-01
1.053218163300362553e+00,-2.509316533167640362e-01
-1.753029225010425352e+00,-5.684306140765141846e-01
-1.217128464920058245e-01,1.563205182230531509e+00
1.060209992792946337e-01,1.363749747177552152e+00
-1.486717618156666365e+00,-5.741722788919679799e-01
1.270157991455692637e+00,-6.841041962073205474e-01
-7.419686505292467926e-02,1.533198505721344418e+00
1.051097408703451030e+00,-1.111492817873729555e+00
-3.366352071885042596e-01,1.363261711135394627e+00
9.824960077586929463e-01,-4.100667870612790811e-01
-1.168261083128137479e+00,-3.013462764589789900e-01
1.053195963295789683e+00,-8.501526702591325479e-01
-8.775925883675581574e-01,1.930555617648175071e+00
9.268774214016165525e-01,-1.480680615272649048e+00
-8.912214127601018054e-01,1.622872959874014809e+00
-1.476754449827922810e+00,-1.043509057048820132e+00
9.818627666848240843e-01,-1.892856994686406558e-01
-2.988416437793143254e-01,1.666822384978514204e+00
7.269852267006905455e-01,1.080711043799126525e+00
9.520202459625271008e-01,-3.478067926782357766e-01
-1.471336300402039221e+00,-9.736484569785616161e-01
1.102269403234155343e+00,-1.205635178282949305e+00
1.057786732620851211e+00,-1.118211460335278185e+00
-1.647741460571973793e+00,-4.400460165379707078e-01
-7.985577254532024716e-01,1.874303126128637809e+00
9.042271879210993513e-01,-1.469853477427563115e+00
1.298106864499712465e+00,-3.945315269475199726e-01
-8.194408020389084557e-01,-3.698958671452063918e-01
1.323272712601946788e+00,-9.693419698256419692e-02
1.661914259980310227e-01,-5.491362213511369328e-01
-1.491588716371407664e+00,-1.091719831388770823e+00
-3.067152438765385347e-01,1.364841996540029356e+00
1.109059941505295521e+00,-1.062522174891855187e+00
1.100371106172969515e+00,-4.928466438736795463e-01
-1.310359056318434190e+00,-7.467915523739765415e-01
9.608250530529662825e-01,-1.162084054506112851e+00
-7.948873823632751634e-01,-7.321675172561530331e-01
1.055913753459459592e+00,-1.026861225751461548e+00
1.057580325066247884e+00,-1.360947414193017790e+00
-1.373574334062086066e+00,-4.646982955752280708e-01
8.019786811248772462e-01,1.560257060548260410e+00
-8.757042109493965443e-01,-9.796179102558117968e-01
1.088190384190557580e+00,-4.609575211047435839e-01
8.904832152140622625e-01,-1.409093108844317710e+00
4.862515709838010070e-01,1.256982069284050985e+00
1.041743197372469121e+00,-5.107989633011389419e-01
-8.434165672117290846e-01,1.609429293205214551e+00
-8.712350194377398438e-01,1.865908077569335521e+00
-1.504929800014143337e+00,-3.671327459958563799e-01
-1.470144115321470046e+00,-4.743717211835547509e-01
1.047339439392772853e+00,-1.500627057158048450e+00
1.218917392285584933e+00,-9.874537858894697484e-01
-1.963274804635484760e-01,1.441505418617694101e+00
8.162498227521678418e-01,1.311735986935832488e+00
9.717591440576297535e-01,-1.448343439075489014e+00
-1.274474783681639911e+00,4.812156952165272950e-01
6.643596147668754393e-01,1.039780409667556915e+00
-1.258535937208547784e-01,1.474460341185046763e+00
3.008176300414803772e-01,-7.080604559919858598e-01
-1.145200526744113656e+00,1.617935982197669986e+00
-1.479766825610581371e+00,-8.531450103067553803e-01
7.393589502188459284e-02,1.892825686329135948e+00
1.094310061733581696e+00,-4.635714432287137976e-01
6.169380266751015585e-01,1.059342489680439092e+00
-8.380042932534702560e-01,3.062953404359691767e-01
8.037518539409089779e-01,1.128446240938415501e+00
6.534535534707495985e-02,1.412591676291807374e+00
-1.280774026078962846e+00,-3.942911830902742221e-01
2.835998498480684638e-01,-4.991620868862132743e-01
-1.538912139414269631e-01,1.405256255829222756e+00
-1.058278431872924780e-01,1.159491891346576820e+00
-8.876252013546090947e-01,1.631411927665707085e+00
-1.257834626692153401e+00,-9.766517795220114317e-01
1.409802337108863934e+00,-7.637010633165149942e-01
-5.301858486521371372e-01,-1.051620280026795307e+00
2.243030688765692837e-01,1.841220946067780417e+00
1.324487341462173562e-01,-3.170751799335319587e-01
-1.509066571395751843e+00,-1.038067947916714306e+00
-1.058674136323281223e+00,9.107679639322434351e-02
-1.161788752816157011e+00,-2.310777171706002442e-01
8.118675278538035611e-01,1.347863873934720624e+00
-1.464764555374917121e+00,-8.761257101246535672e-01
7.272766850899266000e-01,-3.171960863914196072e-01
1.129381240654687923e+00,-7.874938856219148020e-01
-3.861068653053468802e-01,1.621495031715930457e+00
5.815808256923308273e-01,1.348833669543822555e+00
7.632201198524056762e-01,-5.377047235163922023e-01
-1.664532735486566439e+00,-4.407565938966629959e-01
9.183876038019546106e-01,-6.893760287559693722e-01
-7.614056243818737579e-01,1.567376728512595463e+00
-1.591089437325948208e-01,1.538628412797251377e+00
-1.664190898077757108e+00,-2.718631089388794386e-01
9.167475207494141243e-01,-8.835143327767953636e-01
-6.407153656624444693e-01,1.662523701395535625e+00
2.756616742577288823e-02,-5.448514956769915374e-01
6.964582976465605313e-01,1.187365888279276582e+00
-1.125093533160203441e+00,-9.382892923284948949e-01
2.009353424258280285e-01,-4.359919738361443531e-01
-1.364522166097822398e+00,4.913161526944164748e-01
-1.419675903919085380e+00,-4.441577203998063328e-01
-9.161905369530410903e-01,2.769628271461335167e-01
-1.112438110275588476e+00,-1.123888082865585503e+00
1.134419466988917602e+00,-3.361068984197957410e-01
-9.764085184184244370e-02,1.189114926657086180e+00
1.092064416394273874e+00,-7.245845405093399583e-01
1.429210591185810841e+00,-4.500963083595426739e-01
-7.718566828824003911e-01,-1.658462004877722940e-01
1.348461461639997472e+00,-6.413526781929232978e-01
1.249783551009234106e+00,-6.374190852420313913e-01
-1.675914723340844015e+00,-6.175946682945714361e-01
1.216002987420182757e+00,-1.462440529779618803e+00
-8.868814530648817529e-01,-3.336933278597785102e-01
-1.752995676501407363e-01,1.103312798643712345e+00
-8.261244715707358743e-01,1.417445782918035357e+00
1.516574558762127767e+00,-7.861005167836460084e-01
-1.047221237286687368e+00,4.692147011151192593e-01
-1.127673484590045572e+00,4.996678899816804909e-01
1.125109463033888479e+00,-4.991220981410340873e-01
8.726084293913494161e-01,-5.945396064752123122e-01
1.146931962610267863e+00,-1.079326174812244910e+00
1.005419132277721062e+00,-1.300804125870852923e+00
-1.875495936475683398e-02,-3.869908444558182170e-01
-2.128452314046770932e-01,2.201391270170974579e+00
-9.794393232474633004e-01,-1.014139541739044637e+00
9.424155926862761712e-01,-4.403768284500671482e-01
-1.148007176507385152e+00,-4.866230458218495092e-01
-2.094220188321724296e-01,1.234576204421365953e+00
1.121473818650098986e+00,-1.267478088300811212e+00
4.598392879670986089e-01,-7.155938936441722520e-01
1.078521933218388407e+00,-9.708830495655307313e-01
6.410514341048429987e-01,1.257749967547145298e+00
3.690396528471707321e-02,-6.373358284767156601e-01
1.208667872355225770e+00,-1.397723064404129634e+00
-1.405343258640179727e+00,-8.234726867460492317e-01
1.117045762314618607e+00,-6.526906966008844124e-01
1.054583050115820209e+00,-5.849204588537302296e-01
-1.230297716100131833e+00,6.675223028773176193e-01
-9.653900360242170242e-01,1.714808024592703317e+00
-2.435347105656600897e-01,1.784562130756601084e+00
-1.472844341782225452e+00,-3.120414863031740760e-01
1.283148768253858485e+00,-2.091380787789068607e-01
-1.067886912480151773e+00,-1.001809948423523222e+00
-1.190034953724304678e+00,-1.136174288498995155e+00
-9.763982478421975308e-01,4.289897861718587335e-01
1.215373004569391346e+00,-7.004177416933241584e-01
9.513797408057311777e-01,1.264960577291035060e+00
1.346232070560821503e+00,-7.876228147735049312e-01
-9.214702094043818459e-01,3.111982694485432854e-01
1.070905781648620714e+00,-1.007773363578035486e+00
1.269997142812746782e+00,-3.280040116296762398e-01
6.694459114941990752e-01,1.085272514476802508e+00
4.738281397629661718e-01,-7.159527056993377769e-01
-1.460556963802777330e+00,-1.145667095932919377e+00
7.444716591712868814e-01,1.288833849202253523e+00
5.969217969482658592e-01,1.477070325529103778e+00
-6.455720312716319853e-01,-8.897626182204559919e-01
5.106704932386918472e-01,-2.037271968264819655e-01
2.822625659270855958e-01,-2.982198532915187328e-01
-7.411459596278842099e-01,1.054408783667955124e-01
-6.628203176402566177e-01,-7.564321789850157740e-02
-1.183131332610241504e+00,-9.967125870874510296e-01
1.024201054015525969e+00,-1.297585721597737107e+00
7.377877028189681885e-02,1.494454817020473003e+00
4.270283587302603490e-01,-4.805704562762401766e-01
1.432360066336294757e+00,-7.895810197780824824e-01
-6.147858138873808498e-01,1.873602116748615654e+00
-1.410266820488278894e+00,-7.085456254800467368e-01
-8.230124122410213960e-01,-1.526888479468055670e-01
-9.896024026543933649e-01,-1.164915040339252056e-01
-1.416801998462219603e-01,1.647826232791701928e+00
8.161899390874256532e-01,-2.643726456721158247e-01
1.392158161352990531e+00,-8.376558217311844690e-01
1.207286952316842576e+00,-2.069920793030497752e-01
-2.353739493303148300e-01,1.730913719392394023e+00
1.373542698663541284e+00,-5.844527417529988833e-01
-8.360774747232005977e-01,1.119586061756483591e-01
-7.334256236999745493e-01,1.816420375290286771e+00
1.512456496930205230e+00,-2.265269538607545818e-01
-1.305803853813070070e+00,7.138107251554687283e-01
-9.337906133136867348e-01,-8.882061143395145741e-01
1.978909679177895675e-01,1.242052558811600926e+00
-8.262527715808319906e-01,-2.370056300698008267e-01
-9.439154260638442651e-01,9.339907888921962220e-01
1.255458359144857594e+00,-7.169622380577138632e-01
-8.671733083667489961e-01,3.913643213471765803e-01
-1.049462038358073057e+00,-1.207187640526433958e-01
-1.554226144354512229e+00,-7.006681074256688735e-01
1.202065311961471039e+00,-2.584059911568018508e-01
9.655606848176467860e-01,-2.750722140934314108e-01
-1.051109601618081868e+00,-1.113249768748142965e-01
-7.996200990461430624e-01,-1.106594883618993164e+00
-1.711331545394964848e-01,1.401092783009715736e+00
-9.375675470117555976e-01,-8.727938178205841835e-01
9.249735523037921903e-01,-9.216599957200375393e-01
-1.547441674317561855e+00,-9.089905610220859744e-01
-9.465262624038669470e-01,-9.752120548497290875e-02
-9.698162227627626919e-01,1.916987877219235470e+00
-8.484000635043977834e-01,-3.004148493781437224e-01
7.826145676216382518e-02,1.733334196123990756e+00
-1.533646321163102177e+00,-1.128693208983928997e+00
-1.041642256619399243e+00,5.537590377540199116e-01
2.439768560812767828e-01,1.598958974697917368e+00
8.864295972531691659e-01,-6.479401799657344974e-01
1.249242122191443594e+00,-5.606889618251174046e-01
-1.136220424409049246e+00,6.176856524007812155e-01
9.420864360932168502e-01,-1.221290375432606323e+00
1.605377432771107893e-01,1.781297387369551011e+00
-5.021869522979774056e-03,1.138516129324238291e+00
1.158434729793804019e+00,-1.489408616572733157e+00
1.190249193554239193e+00,-3.939980715798006017e-01
3.723757028678412739e-01,-6.489899214891039492e-01
3.504953545769872170e-01,-3.296188257600342064e-01
-1.138943152682198701e+00,1.894378037450417551e+00
-1.681312156827802662e+00,-4.731371108617826171e-01
-8.644588192229839541e-01,4.807808011972443119e-01
-2.111727772714204476e-01,1.454662063735512767e+00
-1.324704114125717647e+00,-8.111950512393366619e-01
1.226455378285726372e+00,-1.938469978166064145e-01
-1.020765920902994006e+00,4.572461964569823345e-01
7.188740992642530525e-01,1.348782994912498090e+00
1.458110442393918849e+00,-7.649155479392163448e-01
-1.708224639854815541e+00,-4.447672281423029061e-01
4.392635586805302417e-01,-1.199285948479397179e-01
8.421053896947353623e-01,-1.654932455429640958e+00
-9.329197218578151249e-03,1.553150298771472482e+00
7.050465587760539332e-01,1.194317223451534904e+00
-3.414988691296303447e-01,1.768225381314193490e+00
-1.537348768843499469e+00,-1.157741125528684689e+00
-1.341989944988600802e+00,-1.044995025287090096e+00
-8.672934982172895158e-01,-3.220309374907280586e-02
1.048713796698551359e+00,-2.599558772868450496e-01
-1.052376530721038428e+00,5.593642006360470820e-01
-1.975333695185644556e-01,1.481369079601794647e+00
-1.047722378224773765e+00,-3.764936000677857747e-02
-2.047190691458436740e-01,1.732110302111356193e+00
-1.752955085579020134e+00,-8.398629695837014353e-01
6.088153660425944524e-01,1.182529964843899162e+00
-9.001927338072861495e-01,-8.987999806967846839e-01
-1.106987794916830969e+00,5.898548431765593403e-01
-6.771770075188776605e-01,-7.439947538061031374e-02
-1.260335463073942286e+00,-9.300554535760640062e-01
1.134051067475947860e+00,-8.387720902063471318e-01
-7.846893374191152848e-01,7.590976960326517586e-01
-9.679070451737649128e-01,-1.111552558529526724e+00
-1.075856744521880737e+00,3.771122580894155085e-01
5.972271588614150306e-02,1.543694144379256894e+00
-2.178923463919177073e-01,1.263587973584892721e+00
9.631049963705713701e-02,-3.888128193401672039e-01
-7.094642037584605321e-01,1.754062872796556816e+00
1.604518677523334214e+00,-3.744510413730529619e-01
5.571543988362963606e-01,1.207678314857408397e+00
1.158593290913498164e+00,-6.971037788116710709e-01
-1.179536819014630034e+00,-3.188546294011713744e-01
6.162897964335458667e-01,1.322019929428653651e+00
-7.232599307140633593e-01,2.017587233736363839e+00
-8.326324995091257675e-01,-1.288473728835340282e+00
-7.968533412749448930e-01,1.724644133291883819e+00
-1.475462645133614581e+00,-7.623638876341031212e-01
1.009873987117277716e+00,-6.802073889612888502e-01
-1.344115643552618700e+00,-1.204233347520586195e+00
-1.091037472824194721e+00,4.114768646773606653e-01
9.905657179365343623e-01,-1.628886743287353722e+00
-1.250690981194486628e+00,-1.071727065017375136e+00
-1.331152882253043401e+00,-9.753175671963699722e-01
1.114007982449416456e+00,-1.305525207567717949e+00
1.126931183915503176e+00,-9.434463671039593491e-01
-4.870394441330934132e-01,1.271577574565662339e+00
1.238812779555139354e+00,-6.326165457712196183e-01
9.194703425307130251e-01,-1.280851002832689378e+00
-8.516171534708414370e-01,2.918313620092945482e-01
1.100842253689466421e+00,-3.695848241038391380e-01
4.972459030339371755e-01,1.408310201301772091e+00
-1.066433995397673584e+00,6.928811237349323804e-01
1.114805470466592840e+00,-3.274455545157051728e-01
1.152997278668350223e+00,-4.770813015789879818e-01
1.120464273467616900e+00,-1.348616778255394166e+00
-7.235052411713701614e-01,-3.080268682795195834e-01
-9.544473785934634025e-01,-1.381441481337905230e+00
1.014160653868960704e+00,-6.327755167451456497e-01
2.882929008725406139e-01,-5.517544044763897926e-01
6.457817492865276510e-01,1.217090877731393350e+00
4.876872261188870961e-01,1.352101503689537632e+00
7.199983217233115740e-01,1.371959433988831689e+00
4.423040794730836445e-01,-7.089540559969005340e-01
1.354450283085349982e+00,-5.225766863057559330e-01
6.314532678822953882e-01,1.128398926540910008e+00
-1.614807138793783237e+00,-4.969777793467279325e-01
9.779977703926755472e-01,-7.919737820365314596e-01
1.112335141695902418e+00,-6.085134456134468905e-01
-1.652529390724688074e+00,-7.199784121539523074e-01
1.134279170674179049e+00,-9.711547583977861442e-02
1.082568662223797551e+00,-5.637573519325503879e-01
8.596119835074856885e-01,1.039238809345426562e+00
1.038414021699502143e+00,-6.118069644717590849e-01
-1.216868332018310461e+00,-8.770836246361100041e-01
-9.173306997873379443e-01,1.528407914219026109e+00
1.819891566499151903e-01,1.514380300949327740e+00
-1.394727418629294169e+00,4.791720788722764746e-01
-7.331636382542596753e-01,-9.494302336290703082e-01
-9.359524188888124208e-01,-1.466088025048812582e-01
8.674032670008610113e-01,-3.969814398338306072e-01
-7.003154106649659427e-01,1.569055482750169039e+00
-8.951194994183619968e-01,-1.004786527429266219e+00
-6.195275163269615692e-01,1.979491896495745307e+00
-4.120998683106933957e-01,1.943922629728999985e+00
-9.336920702399479355e-01,3.675658861455669002e-01
-1.634289325381762525e+00,-5.686955947964081881e-01
6.674748489792019512e-01,1.138121221854783816e+00
1.394266253441712955e+00,-7.627513964304133420e-01
9.924261597881678387e-01,-6.799944386584868550e-01
-2.252218210658949171e-01,1.308806616790979094e+00
-1.183516644180300448e+00,-1.444582568087307839e-01
1.551818979632572759e+00,-2.349780877994989969e-01
6.481893506172428654e-02,1.253340648384999589e+00
1.592768567662114221e-01,1.437089920954204958e+00
-8.227154733984025636e-01,-1.218672622101207425e-03
9.846280506870828120e-01,-5.142831959210915072e-01
-9.459832880146792355e-01,-1.270968051487187722e+00
-7.749187767007769123e-01,-6.178235471032995918e-02
-1.422616908306607808e+00,3.482131386239161741e-01
1.172543904580779950e+00,-1.215826338035789211e+00
1.136528562924769448e+00,-2.249005158595499543e-01
1.132940150055146589e+00,-1.015811654960992128e+00
-8.619183065131104104e-01,-1.198528182054818148e+00
-1.204067807991388572e-01,1.472647390501625742e+00
-7.576541995764899395e-01,1.614823934421307339e+00
-8.188070827804013740e-01,-3.041756661562273201e-01
9.020757743917261484e-01,-1.138117312911562928e+00
-9.583052235743303449e-01,4.357539026345336186e-01
-8.622693988481603400e-01,-1.720111497175134396e-01
1.264292908459409448e+00,-5.996019681475296403e-01
4.840633262059723316e-03,1.656725352912376437e+00
-1.190818972505669482e+00,5.033065211807479233e-01
-7.185804027324277365e-01,-1.058912569969916007e+00
9.682759969626398844e-01,-4.748948995858006117e-01
-3.109448581833257896e-01,1.322689963433476334e+00
1.201255608029701660e+00,-4.812480240691635047e-01
1.230690351021216156e+00,-2.633346872554431783e-01
1.432625047280155606e+00,-7.921429103950383688e-01
8.043917458894540573e-01,1.441864095143452928e+00
-1.064286333737336054e+00,-9.057144359339956985e-01
7.104911661706125869e-01,1.355521459346160418e+00
1.048242105314009631e+00,-1.078475685702029452e+00
-6.313998633149247031e-01,1.880211257873733777e+00
7.608361523194241416e-01,-1.058150294415590276e+00
-9.705886043002653896e-01,-6.248732383486371245e-04
-7.247926186094352241e-01,1.566767632063285731e+00
1.402719520853512591e+00,-5.976303622478806865e-01
1.130345846566681717e-01,1.707923384286310631e+00
-1.060509785997983401e-01,1.567924629612836629e+00
-7.804344926021279660e-02,1.646406740655609768e+00
1.188920856215944927e-02,1.664140930322513201e+00
-8.892442269195771631e-01,1.789812961323506979e+00
-6.093867906695431547e-01,-7.505551113378051697e-01
-7.061089833925621173e-01,-1.652489947865344241e-02
-1.435989113565819375e+00,-5.778475036314248969e-01
8.592556970081666190e-01,-9.577731381370930830e-01
1.186860826630231402e+00,-1.351193270715933759e+00
-1.004834648329584246e+00,-9.771547065133975307e-01
1.393660763822378357e+00,1.440485528802538384e-01
6.410781369354612291e-01,1.444284635491325242e+00
1.151411853526224549e+00,-1.471834600842646612e+00
1.984614490124025354e-01,1.971649224996997019e+00
1.275309761561681743e+00,-7.969070553483654784e-01
1.073090738746123929e+00,-4.339473189612181869e-01
-1.051618376960317791e+00,3.463060475982702724e-01
-1.506876739760675710e+00,-8.151965036170832901e-01
7.024508877338864199e-01,1.117532607474544193e+00
-9.511130042597691903e-01,2.689772153512900998e-01
-6.687680007144471972e-01,-1.121298214757528111e+00
1.067884192261490339e+00,-1.482026612183541703e+00
-1.185262437512962341e+00,-7.776791004605080326e-01
-1.087755349286535722e+00,3.893032295110959717e-01
8.260257639890511427e-01,-1.349213132505915125e+00
-7.541646864459356468e-03,-6.079145381871676745e-01
1.324443208403992989e+00,-7.148214190883291907e-01
1.201865932502662604e+00,-7.009359510573104357e-01
-1.297387896804419016e+00,-8.875908719811713699e-01
-1.578448134822195481e+00,-6.120269260307742432e-01
1.146286302404739388e+00,-3.850815222101904856e-01
1.854141827304892076e-01,-6.300751059598079795e-01
-3.385956269109612754e-02,1.339524589095773210e+00
6.444077490676386466e-01,1.572337783508260811e+00
7.571303187488173138e-03,-1.247739165612779116e-01
3.487921939051688014e-01,1.308096827322211331e+00
-1.490885762018053562e+00,-6.286668217422063387e-01
-1.434449567812064119e+00,-6.460131106262712031e-01
-9.911200033137822496e-01,-8.246771697891205344e-01
1.453923144756867902e+00,-6.997127672942774490e-01
-7.781582059761610326e-01,1.685301540300271128e+00
-2.205558207179725561e-01,-4.394868557851145940e-01
-1.114883900789655824e+00,5.339855001096017739e-01
-8.609048887285033480e-01,1.565341369196094901e-01
8.328162265449687851e-01,-1.329268594254340519e+00
1.072253552266886789e+00,-4.122434746520050597e-01
8.398436287359026808e-01,-1.092034897750113975e+00
-2.638805721811829375e-01,1.391402195088895066e+00
-7.442746337972147019e-01,-8.296314471248354971e-01
2.402054528543320078e-01,-5.837681042406230869e-01
-1.484241245943862753e+00,-8.357224879452459509e-01
1.337806997780211615e+00,-6.510145968158995711e-01
-4.905015801996494285e-02,1.656280108647396387e+00
-8.576795860164907470e-01,1.851915446541209542e+00
-9.557193076637741092e-01,7.212709406270740864e-01
2.132515992456866238e-01,-5.150614945493721120e-01
-8.031586739365631500e-01,1.658731450808835994e+00
-6.843292937188381053e-01,-1.049430471499535278e+00
1.030246982189013893e+00,-1.347706107901089911e+00
-1.441434308768077655e+00,-9.478397615718223701e-01
-1.245164349950174332e+00,-1.022211301711285714e+00
-9.424534771257974120e-01,-2.997016770566481372e-02
-7.664597738361450530e-01,-1.008732894115081713e+00
-1.717597086261526629e+00,-8.112370720218562425e-01
6.538643328192441651e-01,1.071099065964265407e+00
1.946897595613337473e-01,-6.433675800879362638e-01
2.540465517956664310e-01,-5.405027810183172798e-01
1.080687809217383499e+00,-8.894786903514778631e-01
-1.011515661120266474e+00,-5.759619556504721460e-01
-9.709464153751178328e-01,-8.906138203162963229e-01
1.101513780737815917e+00,-8.795537813303700991e-01
-7.252394393829479924e-01,1.962152104499357730e+00
-1.784742755383956547e+00,-4.980138082302960623e-01
-8.994001547648288186e-01,1.844435197609886501e+00
-9.956970179925480613e-01,-1.302959199449476857e-01
2.000533616005316373e-01,-5.524259478533481982e-01
1.149784719414890688e+00,-1.244636296579949120e+00
9.464269247647772998e-01,-7.905491082332617436e-01
-1.525775811418880190e+00,-9.401256558717084877e-01
-5.243498201269307657e-01,-7.115554264441172894e-01
-2.168450627628870642e-01,1.755087829962470369e+00
-1.310005906465145475e+00,3.397066594064273581e-01
-1.902250780103134919e-01,1.409851196544028129e+00
1.055194884548270373e+00,-3.310625382468209144e-01
5.832488475008020812e-01,-4.983553349511288810e-01
-7.396430119767331002e-01,-6.582956855376825844e-01
-5.175048790499058304e-01,2.202366706316722489e+00
5.445789864938387348e-01,-4.442230079020212941e-01
1.259256053973547340e+00,-7.710820082504521444e-01
-6.238284652645276207e-02,1.522224776014480030e+00
-1.048854671999303712e+00,-9.453936768323898399e-01
1.194197261511115160e+00,-3.405248023772087240e-01
1.145189650885228172e+00,-4.080543687736605252e-01
1.224046468697855827e+00,-1.258305923905002066e-01
-7.562823892878772769e-01,-6.705296941337647310e-01
-8.847086583343304333e-01,1.689030657787741863e+00
-1.004528598923106530e+00,-1.776564985172406907e-01
4.498333151748450387e-01,-4.806903339342152859e-01
1.047471982902703047e+00,-8.904159091585309715e-01
-6.870991102829876462e-01,1.886907080686969662e+00
1.067540825337350618e+00,-1.173453473898777188e+00
1.100581607420611618e+00,-2.633734168248191843e-01
-8.685945694730368150e-01,1.943198473094034651e-01
1.067822512662536916e+00,-9.543898948519270453e-01
1.367527270130646899e+00,-8.902138338667583417e-01
1.585926157165589434e-01,1.776773793901225140e+00
-2.736871123929500715e-01,1.388276190556128498e+00
1.245897296726029335e+00,-9.887844734137170299e-02
9.746009797777912542e-01,-9.884625639976531986e-01
-8.168489421089407398e-02,1.723829230602925700e+00
5.698423397525800155e-02,1.507314055244562301e+00
-7.121789264900649785e-01,-2.778197076878256150e-02
9.576809433135794469e-01,-6.084116481493547779e-01
1.284926180415765007e+00,-1.090325030940101136e+00
6.044431916206896016e-01,1.244597122394017985e+00
-1.515631961327279731e+00,-5.448190579577444348e-01
9.068117670681379305e-01,-1.040583357541581044e+00
1.257283775952352078e+00,-2.118651851949484022e-01
1.140042395111491969e+00,-6.927501588493073514e-01
-1.421131087996861275e+00,-7.511209242892598059e-01
-7.695245229886293892e-01,-5.105247497508729609e-02
1.198762704762389886e+00,-8.119310540084287986e-01
-7.881890384752151535e-01,6.373146981449645532e-01
1.022563962538688420e+00,-4.108799214773963260e-01
1.587316789357301472e-01,1.690375223491311418e+00
-6.357545335666794362e-01,-1.239458886391945791e+00
9.714337828890456938e-01,-5.812751983259688560e-01
-8.722313245011357186e-01,1.846842357106590615e+00
9.753124239455799316e-01,-7.152620311275998954e-01
3.368542567035332502e-01,-5.032017411077678304e-01
1.110169865282741863e+00,-1.019872155873347674e+00
-1.016516260009030725e+00,-9.598941465453155741e-01
-1.260264867393207533e+00,-1.091734495870009924e+00
-1.127371502707199102e+00,2.855635110393598408e-01
6.188939468721313952e-01,-4.705184764930970265e-01
-1.292424200002989298e+00,-1.012282309290583271e+00
8.957016036679054105e-01,-6.318231355177944542e-01
-1.049429140648882264e+00,5.837942494521103365e-01
1.290932412288462228e+00,-5.624515838683858959e-01
-1.219667221926938744e-01,1.299355979505820491e+00
-1.642029345089559556e+00,-7.606384911655490466e-01
-1.572191652814217966e-01,1.192406499336971626e+00
-9.596644952061822442e-01,1.836040659895109117e+00
8.872225310112124008e-01,-1.136143455885779474e+00
7.072444409785529906e-01,9.801900776428333906e-01
1.238864967455066468e+00,-1.010472059274829082e+00
1.302694766798060622e+00,-7.156516724717801869e-01
-8.310881736668147557e-01,6.278199142468593452e-01
-8.892706706443204157e-01,-8.066211172574930255e-02
-1.644409882198758943e+00,-8.182122245106477898e-01
-9.878757266865147990e-01,-6.860840329111460578e-01
1.474650777174283389e+00,-6.259773254093690120e-01
-1.484178543832562314e+00,-1.393203220825969535e-01
-6.421402959543978106e-01,-7.125480466459992446e-01
-1.732437016079685366e-01,1.263118218803719994e+00
-8.448065410553796672e-01,4.990874320921466212e-01
-1.475689491520864871e-01,1.548662409261635453e+00
2.601453425123630842e-02,1.172291058346514481e+00
-1.330315277500211169e+00,-1.072163556864031975e+00
9.949596114476914055e-01,-4.887253504628803480e-01
1.043140675827587849e+00,1.183629011130899883e-01
-8.065804717845911354e-01,-9.110757942762344186e-01
9.435411394805285346e-01,-1.173159922985068437e+00
1.324222220395446792e+00,-3.663272287936797933e-01
1.471090204605139951e-01,1.794867023795591043e+00
-3.671836492860534040e-01,1.377469906092455787e+00
1.005039197820736030e+00,-8.856732769897971425e-01
1.204007046467055142e+00,-3.388289183784083392e-01
-2.204369120141123350e-01,1.654672010552697747e+00
1.618875926221365003e+00,-6.485721378097399903e-01
1.203220535065495866e+00,-3.161343804541739133e-01
1.105688751889531751e+00,-6.703786719767064195e-01
1.141713403642678815e+00,-2.212697411153763116e-01
1.090666586971082985e+00,-7.656394055085197214e-01
1.345235706374230400e+00,-1.423554050258864390e+00
-1.241259225181473164e-01,1.401073552415934786e+00
1.123704081049794468e+00,-6.685595694294586000e-01
1.503661916824496236e+00,-8.635238966580953690e-01
-4.028848261067067421e-02,-3.874708287352372493e-01
-9.952843430703310901e-01,-1.081101997664430714e+00
-1.327346685057797071e+00,-1.952073354322682863e-01
1.361811765413654562e+00,-7.298440239170010946e-01
1.496301270610266521e+00,-1.250957898013872027e+00
1.173362159338571242e+00,-3.763327348636145708e-01
5.076332255767582735e-01,9.122351318743934234e-01
-9.518778120021254008e-01,4.944174578323885516e-01
1.374622914917997152e+00,-7.376797326447633862e-01
8.951702021017919897e-01,-6.489556022228372134e-01
1.065076804338785488e+00,-2.009608642314229809e-01
1.215422316336987718e+00,-1.096040485795508473e-01
1.031993678176907209e-01,-5.741083179630082078e-01
1.448415394658508104e+00,-4.569661149518526311e-01
1.253911399587499087e+00,-1.225040046256308912e+00
1.006528053260560940e+00,-4.299074184786291219e-01
1.059973169905171320e+00,-5.083108082627325608e-01
6.555192270646572616e-01,1.174684629942143399e+00
-6.692207309741273757e-01,1.800107894387649399e+00
-1.166541221741895562e+00,-4.796768489225088361e-01
-1.850196404644510517e+00,-6.365165592135282324e-01
1.275015269229599069e+00,-7.500134594755821782e-01
-1.153897472527963958e-01,1.737564729936434738e+00
-6.191758832747126240e-01,1.763772989082951659e+00
-5.336444584938384583e-01,1.582302350901351184e+00
-1.164341126407661076e+00,6.145600216121210879e-01
-1.004372276137712294e+00,5.097836579805798962e-01
1.357741331505206039e+00,6.191826930947189056e-02
-1.288449446427425427e+00,-1.151155163382841629e+00
-2.289029034292320852e-01,1.749103608804513099e+00
-1.317217465967630008e-01,1.455976411832200057e+00
1.104345209590687382e+00,-4.158747353993545448e-01
-2.170384231095647265e-01,1.525961550814446843e+00
1.077510288208300526e+00,-3.760110200537404301e-01
6.610182306245050432e-01,1.234081303006460573e+00
-1.503804704634585654e-01,1.312548626462946233e+00
-1.120001941527797307e+00,5.813477505332528272e-01
9.780964453562517313e-01,-7.937811149621254447e-01
-1.226800558925737583e+00,1.873728682838535109e+00
1.406509594665707574e+00,-6.162243300975734916e-01
1.059986667397512905e+00,-7.376538136481561869e-01
-1.441325797564380728e+00,-3.938180992312747541e-01
1.679772331165301502e-01,1.273457509826930290e+00
-1.682029123542322091e-01,1.192189349128006892e+00
9.043082815744639680e-01,9.252816816908611131e-01
1.177462206085165608e+00,-1.185609971930595918e+00
-6.897003410694142744e-02,1.487199095232406787e+00
1.326399550294641960e+00,-8.196551927644233349e-01
-4.835783939007656240e-01,-2.031695507324962346e-01
-1.038026888184303109e+00,3.744612440682376087e-01
1.175863783342647517e+00,-6.344562414271441853e-01
-8.434139681115425669e-01,-1.067606225808695131e+00
-8.146649075507939042e-01,-6.842663504044925460e-02
1.203429829914481886e+00,-1.090195476397579188e+00
-9.282221922667434066e-01,-7.643824452686845961e-01
2.702160697998440275e-01,-3.653192210730443756e-01
1.172079871741884993e+00,-5.895011054367746972e-01
-1.118464073036707473e+00,-1.226588952854316822e-01
1.107607642649398816e+00,-9.519017577750642500e-01
1.343399526279763334e+00,-6.932416972246244757e-01
1.097542383234458852e+00,-1.136589441002636480e+00
-1.466661170359114141e+00,-3.574302987820391353e-01
1.156951335770944000e+00,-1.340981062982810612e-01
1.054037452360634397e-01,1.716892025547700262e+00
4.024534680490628874e-02,1.497764643667158335e+00
-1.542092155317134616e-01,1.510169857922943892e+00
-1.505418630343616782e+00,-8.876791414355564847e-01
6.954751920308387125e-02,1.515951950006658500e+00
1.283077060253029131e-02,-4.278313516888316292e-01
1.125738343076531534e+00,-1.339739738042475814e+00
9.034331752625054390e-01,1.641527066179445216e+00
-8.428891476193716148e-01,3.446290532735341583e-01
9.567340936584041167e-01,-4.020994487793446703e-01
1.166712308277379484e-01,1.297869969083102148e+00
6.461839576632447679e-01,1.158458804552993326e+00
3.768928778554152537e-01,-3.777578147849769419e-01
-1.711426536472306248e+00,-5.543642549515085394e-01
1.032146461398193660e+00,-1.104509319795465294e-01
2.019555237626123323e-01,-6.240975252470162271e-01
-1.025448336778564506e+00,3.264005286844631204e-01
-1.096192362491813510e+00,4.209252481660633038e-01
-9.474186549224383747e-01,-1.043709422139984522e+00
-7.446667784245937227e-01,1.755197669247150483e+00
8.192074500116908187e-01,1.124065590683374749e+00
-6.225540735207333309e-01,1.830177601538608867e+00
-1.191895149318880964e+00,-1.818878308000428101e-01
1.276616694418621689e+00,-4.783367095532716773e-01
-1.061775902213246470e+00,-1.030418100547024096e+00
6.940584216826951591e-01,1.208663660346651181e+00
-3.760014456170650554e-01,1.731544858111042196e+00
1.081565193006633452e+00,-3.168030341097283764e-01
-3.000092366708777547e-01,1.288274845681773195e+00
4.363692809376134019e-01,1.144920772071878812e+00
-7.435548791663191270e-01,-2.251357200200454212e-01
1.001168937957139571e+00,-3.672925899482492040e-01
2.907535940732356994e-01,-4.425768951195049872e-01
1.199803781649357859e+00,-7.598706648793025487e-01
4.847042831959559872e-01,1.184466264257527435e+00
1.045986273570691294e+00,-1.037588597326610351e+00
-4.429362801754136575e-02,1.580654074344751914e+00
5.421556020749392912e-01,1.287847185623217650e+00
-4.630864489518288912e-02,1.157525530557228954e+00
1.085141444469719607e+00,-1.045116784747787797e+00
-9.954383526974649454e-01,-9.795641016486644759e-01
-1.574581373046921362e+00,-8.967100641879292011e-01
-1.962487700009105662e-01,1.628553407283983789e+00
-6.434241537602656269e-01,1.687507237934786186e+00
-1.675521032251231057e+00,-9.992018647859761682e-01
-1.221804626523115944e+00,5.180142254219216591e-01
1.001644693939689690e+00,-1.132868529395988144e+00
-1.545032215143972154e+00,-8.876488434733615929e-01
-1.259544644390928614e+00,3.541944380717252372e-01
-1.443870816485544273e+00,-5.046370107907451885e-01
1.125148540916643514e+00,-7.630170529253040845e-01
7.928168104485552314e-01,-2.005331296977119482e-01
-1.034658649436585032e+00,1.804246160126800724e+00
-7.791412173985925449e-01,3.511798127210821185e-01
1.474832532554270159e+00,-4.497815797836477447e-01
3.723743384686113989e-01,-5.159634770798975367e-01
5.426108970660420416e-01,1.504176229149961408e+00
4.276892033433915552e-01,1.060088786417231033e+00
-7.288395925734508785e-01,1.815828415466218759e+00
8.409087293769972327e-01,-1.204387010185961504e+00
2.148718800892821801e-01,-6.680713293245570394e-01
-1.049911900594698411e+00,1.821582354110873991e+00
1.217947890070168571e+00,-3.300192037555639279e-01
6.402214382640690482e-02,1.512846404020155466e+00
-1.377005017148948740e+00,-3.962082109189314916e-01
1.105586194252204946e+00,-1.189987059144570258e+00
-1.429031973737899253e-01,1.482840462418669292e+00
3.692782256814339248e-01,-2.318705655937287335e-01
-2.196227607632519063e-01,1.198853946216602129e+00
-8.416340876936686533e-01,-8.494827309337669163e-01
-7.503030698829369349e-01,-5.660335501187582080e-02
1.247752322582982076e+00,-4.540520973970822438e-01
-1.440335641409728362e+00,-8.235053649281088850e-01
1.147909873078620135e+00,-9.071584868852752281e-01
1.305702840913688156e+00,-1.009724335197045297e+00
-7.629405682478320738e-01,1.929411583210693504e+00
-7.356761063710453019e-01,1.824259356432642143e+00
1.613397934240331733e+00,-3.442761570033304186e-01
-7.466555371839616040e-01,-1.060292851562443905e+00
1.328125541231923501e+00,-8.111565167814189792e-01
1.221194147355235238e+00,-7.155360864827863265e-01
-9.977361377709641488e-01,-1.141812658132237424e+00
1.145021480688510618e+00,-6.613053780733443299e-01
1.315998147744772195e+00,-8.093431986296770742e-01
1.594790951071892504e+00,-7.308002975715884864e-01
-7.368691366609055882e-01,-5.573011598836222213e-02
-1.173292315588278178e+00,-5.707274729272417968e-01
1.165313617339275742e+00,-4.929207280842169969e-01
-1.618049991876850946e+00,-9.466289956326160437e-01
5.863341292138886107e-01,1.374319135324968189e+00
-6.781219518551007130e-01,1.612412688288723750e+00
1.142837916599455328e+00,-6.041422636822573189e-01
1.148200093737077321e-01,1.363231793276637793e+00
1.234592104151149616e+00,-2.872359578360537680e-01
7.798701920881987437e-01,-1.267815463777600959e-01
-1.334348140113698289e+00,-7.231187125079274747e-01
-1.816334416217406655e+00,-1.339061860724031217e+00
-6.799437353414247709e-02,-4.571276071591456880e-01
-6.339579333088350699e-02,1.377151479923957700e+00
-9.562790509086157575e-01,-1.319643372082319743e+00
-1.071926066740318317e+00,7.952192114108571630e-01
7.639709006073349684e-01,1.024862745306500234e+00
-6.808814768871838119e-01,-1.010965742199667394e+00
-1.264651274604132514e+00,-1.120175140981768402e+00
-1.114474897278701304e+00,5.781285238274533889e-01
-6.831456736023062692e-01,-8.690883893323362308e-01
-8.528420142182127073e-01,1.632014291199020306e+00
-1.369230814062026846e-01,1.785095081760399660e+00
9.298228198401538025e-01,-1.163648733984830264e+00
-7.927469758457723614e-01,-1.560112829509461840e-01
-7.835237667777938952e-01,-9.389992563326435837e-01
-1.657910697581720383e+00,-7.230400229401913181e-01
1.262869862179221370e+00,-2.603862788440152731e-01
5.242662836027756068e-01,1.149149364616292468e+00
3.549439610222616115e-01,9.528251562044401934e-01
-1.611790798561974825e+00,-1.082480361173949523e+00
1.064602247326278617e+00,-7.160697727894745901e-01
-1.198428537242393954e+00,-6.218473212999151567e-01
9.529350811149142064e-01,-7.917468572549417327e-02
-8.235453408244237938e-02,1.624521854999801285e+00
1.183758979838190450e+00,-7.537865941117315449e-01
-1.391607496880682693e-02,1.125313476043975136e+00
-7.828795156449291914e-01,-1.622319612846483405e-01
1.333417201064398316e+00,-9.494764848815866465e-01
-1.112365667102095834e+00,1.852281997195669438e-01
1.208569864491638279e+00,-7.962164741693008585e-01
1.161803323833922486e+00,-2.210481562217065654e-01
1.255121415604865565e+00,-1.072844790120470737e+00
1.223599001217345661e+00,-2.103235410396734617e-01
7.869074214691885727e-01,-6.979834022867263954e-01
1.059384624953197962e+00,-2.743940584870884214e-01
7.768312704371492516e-02,1.256350278533631348e+00
-8.002221657528671983e-01,-1.857205280186672580e-01
1.482567520647616544e+00,-8.265344303415415039e-01
1.126464607505135218e+00,-9.968885493824984900e-01
-7.600784590683297148e-01,1.827803199047590477e+00
1.407181434814819554e-01,-5.371321842062452001e-01
-1.339451602131557895e+00,-7.804155518507632783e-01
1.212282181938615144e+00,-2.991310010584539714e-01
-9.300981879068067615e-01,3.153980962955188483e-01
-1.854783444565349590e-02,-6.223030000052278687e-01
7.095773169980248429e-01,8.859115665812714591e-01
-3.189788653474713853e-01,1.355407522381545382e+00
6.738548606027168208e-01,1.195216137828090996e+00
1.154480056710694091e+00,-5.689382485318543736e-01
1.272649261802844337e-02,1.835203324881573117e+00
9.937633330552235744e-01,-9.729659055692639891e-01
2.234222730690403336e-01,-8.334599621677490910e-01
1.045686782910987489e+00,-3.201534649180144410e-01
1.223450222186365677e+00,-2.006764801279183330e-01
-7.294626176823065800e-01,-3.314082554913609924e-01
-1.532234499716342846e+00,-7.924098583613017333e-01
1.008807914169504549e+00,-8.928735782834283652e-02
-6.988370206872229762e-02,1.305355097886423010e+00
-1.695110032752547846e-01,1.506528194447506852e+00
9.101299011842149955e-01,-4.436039098645707113e-01
1.190351764072493879e+00,-6.892592649717772524e-01
-2.927514514304481730e-01,1.765382720322750565e+00
-1.766443862756550409e+00,-9.166666791997096775e-01
1.489741413945121273e+00,-1.312243549198634618e+00
-1.300125206079638440e+00,-5.481530811352893773e-01
1.449838135066788158e+00,-8.752753941604251020e-01
-7.939474835978658218e-01,-3.297491181619317813e-02
1.328273962862068336e+00,-8.021534370351472987e-01
-8.277444929366081228e-01,-1.194061787931144786e-01
5.768501385300289774e-01,-5.307765309187566505e-01
-7.277512869254361139e-01,2.921624732235029720e-01
8.427482231968675963e-01,-5.624533436633181172e-01
-1.607752673335888505e-01,1.286567744654852907e+00
-6.920219567854500875e-01,1.667028977263762979e+00
1.457387560762805734e+00,-3.643280886298432830e-01
1.116117857208679398e-01,1.263571288728192021e+00
-1.534525011582277498e+00,-1.112690570606654994e+00
1.435620797575248631e+00,-8.011461130619282889e-01
-6.713710145690278130e-01,-9.003622969994109493e-01
-1.341476524741967769e+00,-7.661847273051793916e-01
9.987518716555278120e-01,-1.264002711044001082e+00
-1.107951946732566473e+00,4.179792300788655601e-01
-7.709551795401864416e-01,-9.435963346881161007e-01
1.235716385609880952e+00,-4.547493067457097360e-01
-1.063314713345794749e+00,4.237204343197583101e-01
1.169426906682511813e+00,-5.597448866009520074e-01
-1.528675317817438373e+00,-6.927679000882903670e-01
1.607160762582917901e-01,-6.321802245309182666e-01
-1.298135363205606962e+00,-1.245909968044684346e+00
1.336888518643590817e+00,-7.997213258404882730e-01
-9.955404925243702685e-01,-1.714964597453560169e-01
5.452229644844474032e-01,1.172089573776604610e+00
-3.977032026441176815e-02,1.410903040885554294e+00
1.015030279078382947e+00,-3.337397858431255804e-01
7.583970083297797427e-01,1.415758718935752336e+00
-1.207829571341034081e+00,-5.259025299870295767e-01
6.944386621588726216e-01,1.177852318826368094e+00
-1.492811572021575994e+00,-4.217289157047699466e-01
-8.640529765409387108e-01,-8.964759602290752749e-01
1.014807573305093191e+00,-5.245375261483303797e-01
-1.628219949654395593e-01,1.140865232541614871e+00
8.424037223732033786e-01,-3.832193973621131344e-02
2.736211773394450764e-01,-2.963005820844410443e-01
1.238444474363711967e+00,-7.387338623242861724e-01
9.277125139202778703e-01,-4.652482397645875123e-01
9.711897678540685197e-01,-7.495238657791611914e-01
1.192093393007752633e+00,-1.580497252947436204e-01
-1.383325199118594417e+00,3.760595176849195198e-01
1.036560268527381368e+00,-6.785371463932986513e-01
-2.130599345844100823e-01,1.317772593736743492e+00
-6.170074911560808895e-01,1.645421903025647614e+00
1.184471619106571838e+00,-1.321513167475262540e-01
-8.362356251564238008e-01,2.100053897864925467e+00
4.645885097261282654e-02,-4.298234668047407059e-01
-3.306081389798881665e-01,1.711883227820669484e+00
-1.040412482897655977e+00,-1.246348250793852808e-01
1.225245585719131114e+00,-9.340340494412313621e-01
-3.281132601245732028e-01,1.471227069456165992e+00
-8.340167651473979760e-01,-1.270970974247480623e-01
1.033815757407056113e+00,-1.361096930977121255e+00
9.320051541761037450e-01,-6.783298774280982490e-01
9.858823205123475875e-01,-1.280235771008316981e+00
3.288487326807370548e-01,-6.681800837830068618e-01
1.320719362464756186e+00,-4.001723856805196600e-01
-4.769539327296541398e-01,-3.400963053121127122e-01
-7.715019198240853360e-01,-3.180421881121711092e-01
-1.376901421856181695e+00,-1.066629011732871168e+00
1.562322761726969267e+00,-3.975383256970609347e-01
-6.810023896709812563e-01,1.941688859300776393e+00
1.005054296679922077e+00,-6.563348469772979643e-02
-8.643582509190287505e-03,1.645778455251095451e+00
1.184365792250289262e+00,-4.791170553130116305e-01
9.558880876960124118e-01,-7.550232470758053704e-01
-9.701290163765896590e-01,-1.544177192749613681e-01
1.113862690997093008e+00,-9.973879944533184938e-01
-1.616311946968934210e+00,-5.341215658640631192e-01
7.874101320290015638e-01,9.438356264133439533e-01
8.347300244096231836e-01,-4.459400354835171276e-01
7.096023688554562447e-01,1.303343166932253938e+00
1.167087013524313738e-01,1.167114328581298821e+00
2.702174267585588097e-01,-4.402736618281137826e-01
-9.841261413240987022e-01,5.334255687379655386e-01
1.115330878984236218e+00,-4.442980363464421600e-01
5.341515009401643921e-01,1.193974770636141658e+00
-1.417448216153074647e-01,1.762986976915431603e+00
-8.778522753176549731e-01,3.599323864948131280e-01
-9.899063910029871627e-01,-3.751218077041688637e-01
1.365794293985845842e+00,-9.327622642743791381e-01
-1.178093237153261752e+00,-3.082337941862440811e-01
1.148456929009986860e+00,-4.357130075268098035e-01
1.354933397560383446e+00,-1.120940893198501542e-01
-1.328516384805334960e+00,3.795128934518474106e-01
-8.047570153894270106e-01,-4.987113871606301506e-03
3.727911082954044608e-01,-6.962651779733922686e-01
5.130448944112148135e-01,1.196445054526736218e+00
-9.003579729940301979e-01,1.541695313745489404e+00
1.195907296548433640e+00,-1.192339803307755242e+00
-8.177431875642243719e-02,1.425838111554583953e+00
1.368227248367547277e+00,-6.695765000196584049e-01
-1.399813252734444013e+00,-2.749778699387276926e-01
3.034160084000289692e-01,-5.623041113719370321e-01
-6.429952788536317243e-01,-9.658293042114295124e-02
-1.008350133319417141e+00,6.905515202899782379e-01
8.905050398408278500e-01,-1.267164577623396404e+00
-8.712098054934392932e-01,-1.019969652579820751e+00
-1.129337382276166091e+00,-1.836180529164588016e-01
-1.400934243025037329e+00,-5.885395846899910133e-01
1.073761767735865291e+00,-1.930863841761246702e-01
1.328517259475994861e+00,-5.923932660602463374e-01
-7.029803738913263933e-01,-6.893722493486885428e-02
9.876840732243922227e-01,-1.335931570330451290e+00
-6.795288282341238606e-02,1.621936501908029404e+00
-8.531961790267379442e-01,-1.058451253890348331e+00
-1.543949915732840683e+00,-1.365051445311755485e+00
-1.609013387832178843e+00,-8.899224745030736017e-01
8.048370603699841475e-01,1.179124557055460487e+00
7.523683559161306045e-01,1.443656196993527985e+00
-1.257407082956119471e+00,-9.571615371129349459e-01
-1.109514390246509052e-01,1.355654778136248462e+00
-1.636451459022571164e+00,-8.465894621733157654e-01
-1.348831607992810211e+00,-1.214676475225853647e+00
1.115567085631796074e+00,-5.961731935310869979e-01
9.224573698315512438e-01,-7.313889225694506502e-01
9.773901731462789622e-01,-2.689507274798885184e-01
-6.687135663565373089e-02,1.250872585882022880e+00
1.546966599536618581e-01,-3.254018416441992745e-01
1.109158488526417852e+00,-1.240775252900699455e+00
-7.042639469920431994e-01,1.781537168898941204e+00
-6.553891908197140292e-01,-7.935843709938723844e-02
1.036853974694068370e+00,-3.719154055436820761e-01
6.150369631861248854e-01,1.295726736503794774e+00
-6.013611778474992065e-01,1.861088675092529288e+00
1.043204904744343020e+00,-5.957745755763728113e-01
1.216575383510414055e+00,-6.273909064687496207e-01
6.507345017549628352e-01,1.261366822491804429e+00
-1.428495885034459567e+00,-8.266069951920146375e-01
8.131185411062599178e-01,1.101407167814471455e+00
1.218096394869674581e+00,-1.327671073707602734e+00
-9.859640540206007220e-01,-1.009292322738544467e-01
1.118280334149256872e+00,-7.044677596302747480e-01
-1.004706486156133199e-01,1.659327775399124238e+00
2.690875041086289166e-01,-2.401876820396144641e-01
-8.810608584256978126e-01,-1.676133796876938253e-01
-1.762230973492440622e+00,-2.652119478709428213e-01
-8.382325593689295973e-01,1.591588751484408926e+00
-1.103160201519028050e+00,3.288023754654945674e-01
-1.251748810655822775e+00,-9.767090857498570422e-01
-8.566157917152181916e-03,1.820712034636954302e+00
-9.357648440756692887e-01,5.267375251586045026e-01
5.054460787927753662e-01,-3.363111454849900261e-01
1.276376728227540447e+00,-7.049191856649396071e-01
-1.655128795158065325e+00,-3.825634433849393057e-01
1.481094087249945845e+00,-4.010822728010849381e-01
-1.367752040804611990e+00,-3.016804877525818274e-01
5.241479959539721012e-01,-5.575736546148507555e-01
1.079964710292389052e+00,1.287676406693301079e+00
-1.046846002419435484e+00,-2.299518473429531251e-01
-1.514620963755122007e+00,-5.036098098682867397e-01
-1.298537514777808433e+00,-9.255479550556706680e-01
-8.134863437718321544e-01,-4.718441976347991784e-01
5.516865408161082396e-01,-5.036082185966316294e-01
1.596368698781065243e+00,-5.865296887182158692e-01
-1.260184162826019527e+00,-1.041749256770808429e+00
-4.346881233799783084e-01,1.914105986216624533e+00
-1.226623035036439768e+00,6.495192157215659012e-01
5.356713256485985397e-01,-3.644962848761562624e-01
1.774483848913212813e-01,1.782845931533662664e+00
7.502738634637488024e-01,-1.053376254394296385e+00
-7.672517485936133363e-01,-6.977011020036756328e-01
1.382512920662707367e-01,1.769051813159193465e+00
-8.691952665533267952e-01,-3.629764852523784668e-01
-5.830693884061206589e-01,3.909810318558306075e-01
3.419966729935823568e-03,-3.032386497192258723e-01
9.840557958023335994e-01,-6.710074644361668783e-01
9.558716400013986814e-01,-6.116102250362042136e-01
-1.358601286132615105e+00,-8.476070383564766608e-01
-1.412475113782989178e+00,-4.407946761261330448e-01
-1.059391962898424744e+00,3.692099290594628713e-01
-9.129155009315753633e-01,2.077628673103229170e-02
-4.373298699141894286e-01,1.237765647916115652e+00
9.496758652696086767e-01,-9.483875822030911618e-01
-1.920383808431510131e+00,-1.017492366221693700e+00
-7.300795284101137261e-02,1.268713108187420557e+00
-1.791863091728381485e-01,1.304643473369143880e+00
1.465872113078412919e+00,-5.547873111832102300e-01
-1.167497369916150829e+00,6.967682797821618257e-01
1.095475909766029821e+00,-4.142105187601443639e-01
-7.725298715894987067e-01,1.692239729673622239e+00
9.144020747982956054e-01,-1.231685791081484016e+00
-9.484261284833157557e-01,5.434986835078108036e-02
-7.573232175208527428e-01,-2.810584598012166868e-01
1.273304651369798313e+00,-6.217381403204701451e-01
-2.255373680177123474e-01,1.283024245662525598e+00
-6.450705325862319262e-01,-6.633993913459276248e-01
-1.599799029522924521e+00,-6.059975422091414821e-01
-7.497120312369143225e-01,1.747985263631239627e+00
-1.440940856398257974e+00,-9.033365232614715135e-01
-1.067455463484970196e-01,1.617832673650769770e+00
1.866718940654127912e-01,-6.570415149353833195e-01
1.413153720575592853e+00,-4.822514207922621865e-01
-4.332608244864773472e-01,1.329785023862837257e+00
-1.513369091139638467e+00,-1.260673184047198747e+00
1.041836899379110282e+00,-1.603918330584603869e-01
-5.796661917559379207e-01,1.649941201317183470e+00
1.108736208863730255e+00,-7.173613563360488055e-01
1.027126366399601531e+00,-2.212086708849797523e-01
-1.555609453936181996e+00,-7.743996355221122174e-01
2.030311241534981659e-01,1.237480048982890768e+00
4.145439208847043755e-01,1.176503415642750738e+00
1.110013638598049690e+00,-3.524906251138364977e-01
1.420605207341170795e+00,-6.543447085542057895e-01
1.225638280387201795e-01,1.155202336334819835e+00
-6.711508956494571798e-01,-1.022712769146209233e+00
-1.212027353821538034e+00,3.667753955890280526e-01
1.318202045097108255e-01,1.360723371258673264e+00
-9.166332493050151076e-01,1.970396832154158728e+00
1.295789968628626998e-01,1.484325194932522907e+00
9.661621270992045707e-01,-2.319525051815304884e-01
-8.439739734911212432e-01,1.656651995850785042e+00
-1.521241070820817942e+00,-1.176847812135009885e+00
-1.269728858133968297e+00,-1.222840557909221637e+00
1.094131918193131936e+00,-1.858896180150839128e-01
1.387639450313429501e+00,-6.760897107359389313e-01
3.178005140801732353e-01,-5.741627180893384974e-01
-9.781563154843234686e-01,5.759545599305445629e-01
1.202209728642927633e+00,-6.028200756590514908e-01
3.718346948581501277e-01,-3.775321718851142316e-01
1.215994445835866467e+00,-4.117264291158093670e-01
3.361582150083191611e-01,-4.472496023663465325e-01
-1.334015680730315845e+00,-3.619462448256258735e-01
-8.205269987821064426e-01,-1.243055328613356547e+00
-1.151316207808153802e+00,-5.064945398031734936e-01
-8.243688199912461156e-01,-3.289855081367185630e-01
-1.419595124489405835e+00,-6.422189530117593526e-01
-1.197345608903567449e+00,-1.150606851729373936e+00
-6.386312985316687785e-01,-1.920750747562847138e-01
-7.125769650165247882e-01,1.562598864583389702e+00
1.077416337064843299e+00,-7.124855173236476213e-01
-1.147289479056430528e+00,4.189796475430676570e-01
8.555862916635360582e-01,1.065894532222078084e+00
-6.483256142669370226e-01,1.934201990309766472e+00
5.931174841125569364e-01,1.277490573935622820e+00
-9.400932246135332848e-01,-2.452272378310768330e-01
9.743256357897662756e-01,-6.369842667553519133e-01
-1.105797210973905459e-01,1.579463821359085030e+00
1.095213564492512948e+00,-1.323025338998940592e+00
1.709697683972531690e-01,-4.784669009603751411e-01
-9.571046527928628311e-01,2.250059598709727438e-01
-4.693675838625029351e-01,-1.150689844249316751e+00
-7.690188208977141171e-01,1.801090915161641881e+00
-8.452740856855530671e-01,4.116133654919144069e-01
9.907324109170839721e-01,-6.842003069622563105e-01
-9.333851751902078053e-01,-1.121412621287259048e+00
-1.253712214850794204e+00,-2.952932129546520512e-01
-8.388350003975015845e-01,1.896490416612158780e+00
6.426683782218620689e-01,1.304240460054353345e+00
-1.545920891442431611e+00,-6.676929134606727212e-01
-3.416238096240811761e-01,1.058463323073207230e+00
1.196721133433575224e+00,-4.369392024472886771e-01
-1.562831700610674002e+00,-9.821318519976288686e-01
1.269954614595278031e+00,-7.472429346503555170e-01
9.062124693635447148e-01,1.235160640071041094e+00
1.198383421698075324e+00,-1.150834327473030827e+00
-6.894891674994714226e-01,1.697584587580510895e+00
-1.195054715813389290e+00,1.836056191725204512e+00
1.296761641701745793e+00,-4.443134996828475569e-01
1.172853625409094658e+00,-3.153219162100968642e-01
-9.953320773601000149e-02,1.529898503570058077e+00
-8.061687194320767968e-01,-5.049559937477437338e-02
-8.198370318382040001e-01,2.244229826617904155e+00
1.157054055623770061e+00,-3.170850648708745112e-01
-7.134735857677171333e-01,-1.026791085716745267e+00
8.638075778154895579e-01,-9.220959113567368526e-01
-1.669303531609784841e+00,-8.023528226795447749e-01
-1.312085841934840014e+00,-6.804608879164888435e-01
1.193511080663782531e+00,-6.882110654595473553e-01
-9.804987508863489687e-01,1.706418187635075245e+00
-1.593572846963091205e+00,-2.617470956442645158e-01
-2.732770299227749861e-02,1.608818083685738642e+00
-7.782767559248267020e-01,-1.010522850602727729e+00
-8.750387455683095173e-01,-1.231649921027416911e-01
1.348519592871359328e-04,1.496661086511982708e+00
3.936465092942112443e-03,1.639293599759046538e+00
1.185910642543662519e+00,-4.239280168008532912e-01
7.488521452899782327e-01,1.250954905238875536e+00
-1.529755977287372337e+00,-5.239298472246795013e-01
-1.128223552003042141e+00,-6.219600310826571832e-01
-1.615746903049028571e+00,-4.352269889090735200e-01
-1.824358703693070183e+00,-8.164611156422865168e-01
1.308202511236526089e+00,-5.902362685652113861e-01
2.404018925380101424e-01,1.179131191447420068e+00
1.112772723228415694e+00,-2.538928351803771966e-01
-1.331653405236866927e+00,-5.425269166731218062e-01
-7.243500476585493786e-01,1.442720861540461419e+00
-8.379848894610185395e-02,1.638208821252141068e+00
-2.199345354133240282e-01,1.847685700206040949e+00
-1.055631597181399650e+00,-9.445089656588637750e-01
-1.292711795250566897e+00,-4.704888924715451837e-01
1.095538266233776259e+00,-3.342671427734509870e-01
1.321869372881374627e+00,-7.697708097746669420e-01
-1.264628397478871902e+00,-7.707099042597767014e-01
-1.512675287780259170e+00,-5.448896818519071150e-01
1.204126811216900128e+00,-1.127087429376666394e+00
1.172128276890759713e+00,-4.801448217019568254e-01
1.308174596551388236e+00,-1.067511274918467201e+00
-7.727978423496383309e-01,-1.176903552491012306e+00
9.797306936831834401e-01,-6.217929839285470939e-01
7.633651974130972739e-01,-7.346424391315762303e-01
-1.069974625762031839e-01,1.176229166906940460e+00
5.266410636681834179e-01,1.625133420983529753e+00
-1.462173487107999215e+00,-7.778527831113383195e-01
-8.538641245743364694e-01,-1.218776377464246607e+00
1.145435756989644061e+00,-1.266495480760348569e+00
3.702327749610366814e-01,-3.765644887086264103e-01
-1.421505815817320828e+00,-5.047664126810591512e-01
-8.483103429651276395e-01,-4.541406594369700733e-01
-8.029611714611736839e-02,1.642451280459710672e+00
-1.041274618434729682e+00,5.675953079423623482e-01
1.245448262087704761e+00,-6.630825772951814967e-01
-5.473538856015258691e-01,-9.780061293297642733e-01
4.504979686711866882e-01,-1.846682073844245764e-01
-7.039597495197326138e-01,5.205507939758293734e-01
1.094859261164301545e+00,-6.227812352097703563e-01
1.472317985766867343e+00,-6.492702014953126710e-01
-1.107118821498127570e+00,4.003370004747072164e-01
-1.587683439517787454e+00,-6.637270526202270204e-01
-6.712813330183833305e-01,1.660509716781412459e+00
-4.400556657693761586e-01,-9.486369975830769574e-01
1.222392981278953128e+00,-7.559734273377406444e-01
-1.913709703226554315e-01,1.941888372778562077e+00
-1.067085487530193610e+00,1.859938036573968168e+00
-1.497133541209451524e+00,-5.781018055517463949e-01
6.058298763092876543e-02,1.808546290020610403e+00
1.626449923080605098e+00,-5.534278586499759012e-01
-8.082363411595093750e-01,-1.014299509437034397e+00
6.924288704515747517e-01,1.069101403008526630e+00
1.154204056007717805e+00,-1.248948061207332261e+00
1.563395256070168049e+00,-6.416349693837737345e-01
1.317398379371744088e+00,-6.321736157768759190e-01
-4.046430264199012659e-03,-2.148081785237496988e-01
1.023196312988701395e+00,-7.862017266937484372e-01
3.075907687092086507e-01,1.017622633167520885e+00
1.237243285211611310e+00,-3.202721240158177274e-01
-6.721420054244363618e-01,-1.076941152373971811e+00
1.277938931288655322e+00,-7.638968889278557883e-01
-1.406428747460272133e+00,-9.272169194282237070e-01
-1.579215070163751067e+00,-1.036169232302431631e+00
1.403343149091472730e+00,-8.216217728763437478e-01
-1.220007042120160534e+00,-9.457635240499537854e-01
1.066788507219755155e+00,-4.606202829157164391e-01
-7.580084695084797763e-01,1.747514035015184986e+00
1.234037240037982652e+00,-2.740739720203008156e-01
1.262559222170079654e+00,-2.722058667579786984e-01
-1.275200916704493315e+00,-1.117049937335056198e+00
-8.119468588399540998e-01,-8.716468525786966737e-01
1.429169688983518594e+00,-3.238957797345990985e-01
1.181481548630341827e+00,-7.549763943383486220e-01
-8.157163495976180734e-01,1.795062774736918110e+00
-1.493188687519466651e+00,-9.714691190349683536e-01
9.788930519718326284e-01,-4.599447812850957495e-01
-1.159602772156435924e+00,5.219843699572015439e-01
-1.500276485595918752e+00,-7.818328897778580311e-01
2.514649379500257798e-01,-5.296016459834838042e-01
1.293005703219680391e-01,1.428027079184718273e+00
-1.145158950719487700e+00,-1.184784935189917843e-01
-1.463596394588941862e-01,1.299297529261132178e+00
-1.390221594685404349e-01,1.444719037459762490e+00
-1.391458101986968510e+00,-9.116649845394785290e-01
-1.418755149509433489e+00,-5.595957057417130232e-01
5.905985430301281119e-02,-4.692766939624842815e-01
-8.349602419227256656e-01,1.813092104843088137e+00
-1.170212457787383808e+00,-9.130505752490651883e-01
2.987998747805782895e-01,-4.976969206205892338e-01
-1.177772597846453023e-01,1.563267433760650249e+00
7.788562008157605687e-01,1.395686077405835501e+00
-9.597634969965676208e-03,1.582207111691741774e+00
1.172430569197466577e+00,-6.256310418907939930e-01
-3.992905595264260032e-01,1.667132789813418725e+00
9.564226922347182080e-01,-8.502744225519255350e-01
-4.650909640252942623e-01,1.367121311101989756e+00
-1.090511643983935963e+00,7.173238081995247928e-01
9.551873675166195898e-01,-4.595526587949587127e-01
-9.495449958149280167e-01,4.815985136354381524e-01
1.358941407060701323e+00,-8.860980379330490875e-01
1.223854739026931204e+00,-4.392967206224221433e-01
-1.353094539558115761e+00,-8.734275955824939430e-01
-1.025130374130083372e-01,1.615586753883820448e+00
-7.747080728168128649e-01,-7.726693601953222856e-01
2.773183409996193838e-02,1.521969185849318951e+00
-8.183155438273783666e-01,-2.008728670167229668e-01
-3.279954392636577065e-01,1.425334778379599765e+00
-3.547820177873532432e-01,1.703422924688718254e+00
-8.886552505191686047e-01,1.665015322509352025e+00
-2.311237237037073455e-01,1.867647703956800465e+00
1.422940748841654113e+00,-6.965568153395759188e-01
-9.443305811865407851e-01,6.243907843577890526e-01
1.331264946160237050e+00,-4.961678001567814689e-01
1.102867406917589221e+00,-1.275548438716268995e+00
6.371515466091078050e-02,-5.306251892316666829e-01
4.565971953401764538e-01,1.281155332896637189e+00
1.333231344525872553e+00,-6.559346340524896402e-01
-1.252031196787908751e+00,-6.445239451825738319e-01
-1.297065209974079369e+00,-1.080401297294432572e+00
1.483145325762696976e+00,-5.900292905767250407e-01
1.369440115539227731e+00,-3.415373262542034105e-01
-1.679787049595109494e+00,-5.254023456789005397e-01
-1.622474052343004347e+00,-1.139975344590255624e+00
1.140773952312696071e+00,-3.955475011459476109e-01
1.515177314786551710e+00,-5.285793842389757691e-01
-8.883845059225946583e-01,-1.091870028347649457e+00
-1.099996997818949662e+00,-2.556261115290205388e-01
1.444017550650392279e+00,-5.290291164695866133e-01
1.137293754055301864e+00,3.667293841720752068e-02
9.214631824838447338e-01,-8.915928383563899162e-01
9.570851591265393532e-01,-8.334707573606703335e-01
1.252702062808081829e+00,-2.542810591134881393e-01
8.134083611767850552e-01,1.166416006890032442e+00
2.739681921223623418e-01,-4.412224143870512871e-01
-8.273441007287530846e-01,-1.099279740966245367e+00
1.222369840788063877e+00,-3.565191804040805379e-01
1.124740951298296432e-01,-4.417812173357935079e-01
1.031235642198847557e+00,-8.198744374462366702e-01
-7.254546341488598005e-01,-1.036944532494395110e+00
2.882943019449184519e-01,-6.702831232389726557e-01
3.491235431735751349e-01,-5.864720915313489380e-01
6.303079431786032805e-01,-1.410199017993519766e+00
1.349518188559262422e+00,-6.456275674886571281e-01
7.159048301180285234e-01,1.669647857988716622e+00
-8.682152618084640894e-01,1.843024100305096447e+00
-7.949926529418080978e-01,1.608240167102228835e+00
-5.120490110183872901e-02,1.749442554967031382e+00
-8.352648055325998522e-01,1.611936531786311022e+00
1.161403883887380806e+00,-1.322340321090003989e+00
1.127855851008951360e+00,1.402289412570303928e-02
1.084825693760827381e+00,-4.975198887938903081e-01
8.596765271286724852e-01,-6.274493660785187554e-01
9.943190329871518518e-01,-8.938430994922403894e-01
-1.647604293262056041e+00,-4.705309096606991037e-01
1.153218331421226539e+00,-3.857317412085883856e-01
1.343225875340761544e+00,-3.633114403242431734e-01
1.206578203857258336e+00,-2.698652766636848721e-01
1.097969108377384151e+00,-6.089389875726605172e-01
-4.927877908549472274e-01,1.351346390584614365e+00
1.208031743950826797e+00,-4.548196652797050765e-01
9.997390689577534406e-01,-8.854462599501822240e-01
-1.352909568728082323e+00,-9.284303321178470902e-01
9.808851817025564523e-01,-5.822554824594300404e-01
-9.718261458622327875e-02,1.488260093245890925e+00
5.395208837209854169e-02,1.181062214021039170e+00
1.573472358756637379e-01,-1.983248998148286757e-01
-8.829725407020390104e-01,-2.313035251172151086e-01
-6.649935275718420469e-01,-1.110849898916119960e+00
-1.494267085545682550e+00,-4.662821886227928037e-01
-1.208787205261624642e+00,-3.668267983361304663e-01
-9.962304262719914316e-01,-1.203874858009469917e-01
-7.817440828935279251e-01,-1.022589751879277309e-01
6.723131488880849105e-01,1.059036961738851312e+00
-9.057774377179836911e-01,-9.744763594880111457e-01
1.104802612761028868e+00,-1.132613639337693101e+00
8.995126925350539482e-01,9.486450045971915948e-03
-1.431039855412370665e+00,-5.969810749716729648e-01
-1.650854420460759364e+00,-3.456827163149856497e-01
3.201369901221036152e-01,-6.157039155895314142e-01
1.186928271907437882e+00,-1.178023150955346404e-01
8.681700591977402626e-01,-1.169797280167385933e+00
-8.920824461044789544e-01,-2.941316397377328196e-01
-6.145960264920808519e-02,1.031382501458332435e+00
-7.453680018915622707e-01,-9.536365110587083915e-01
1.042675349128997953e+00,-4.165824115224884272e-01
-9.231257530147852775e-01,6.258899800255420809e-01
1.063561238358054384e+00,-1.403777438019006452e+00
-4.653450477606144164e-01,1.444670752393427460e+00
1.193818198847389489e+00,-1.083894246547478651e-01
-9.701791518382245627e-01,-1.015133692179230218e+00
1.184493457522887594e+00,-2.901323268618964391e-01
-8.132760718625250407e-01,1.623016676000095915e+00
5.782377881280740262e-01,9.462659196811837869e-01
1.289420893174645810e+00,-3.911605735829675745e-01
6.494154701745639136e-01,-1.404088421137448695e+00
-1.822139334289715473e-01,1.397267811936216519e+00
-1.426240614755423630e+00,-5.317059079365833441e-01
-1.517159666876355617e+00,-6.982466968777469862e-01
7.696613513755035108e-01,1.340762727502487817e+00
-5.241968275824698820e-01,-7.958172801270702035e-01
1.428508960978655429e+00,-5.635717133777238264e-01
7.259987995336649735e-01,1.277227754295132023e+00
-4.519318537896979682e-01,1.448513111833585887e+00
1.369717460410345478e+00,-4.164890345916549275e-01
1.186181455518479755e+00,-2.243860766611395219e-01
-1.301763259893281344e+00,-7.984764407157814992e-01
-1.555109966900980467e+00,-5.609297611301109487e-01
-1.116753716062835466e-01,1.231782948621471085e+00
9.456993384812226733e-01,-1.341444549874265757e+00
-1.205203374694965524e+00,5.670878274085167092e-01
6.753925782862386651e-01,1.351601829796425847e+00
3.163476042495183289e-03,1.442324766348855425e+00
-8.447030439921634493e-01,-1.037325573630189374e-01
-1.691987348904398170e+00,-5.377873851215541068e-01
-6.778637461526652030e-01,8.762209172246211708e-02
-1.518158800465796876e+00,-2.224288053489981154e-01
9.614971225142543432e-01,-9.802169816926343815e-01
1.295666403041875858e+00,-7.161515063619497967e-01
1.223871143257072358e+00,-3.078502835025275775e-01
2.127754297238078907e-01,-5.763753324296738700e-01
1.105354851312077225e+00,-6.881802694752334748e-01
-5.931002160647174115e-01,4.177675031286884333e-02
5.040991494616670066e-02,1.765506885739799969e+00
-1.298226463640764772e+00,-6.821389435493401265e-01
3.271301867107858641e-01,-4.024931032624566862e-01
1.328155135992288738e+00,-6.414743508533943261e-01
1.340917522478533019e+00,-8.022541758898875663e-01
1.418103514145850452e+00,-4.462941863594217518e-01
-1.504937587498675899e+00,-7.125570265676739456e-01
9.319191947616130012e-01,6.477760894412866455e-02
3.453259021749174318e-01,-6.173420639414959332e-01
9.125267987493730359e-01,-1.331832355896811482e+00
-1.408293336299337728e+00,-4.485208377073615638e-01
9.678042976710050649e-01,-1.185526129292710396e+00
1.453910717387063345e+00,-8.296526821290612919e-01
3.795712833176841938e-01,1.847167471630806856e+00
1.186516010731834214e+00,-1.142904117380433071e+00
1.181218160503238357e+00,-6.057973704679361360e-01
1.214527347250633493e+00,-3.832730600824508782e-01
7.442709814114065736e-01,1.454229398000257856e+00
-1.029507353970601669e+00,1.731242988511221714e+00
1.561885553462038709e-02,1.339856737616227589e+00
1.192636136923672208e+00,-9.929958831088350202e-01
1.220867993034077337e+00,-6.733198307908060398e-01
1.026858697779329255e+00,-3.310471257205981344e-01
-9.144618993867434931e-01,1.848783339751532973e+00
9.412114124959013450e-01,-1.348488149667252944e+00
5.263184657873496430e-01,1.448233747509339864e+00
-6.112119085619465153e-01,-1.394769392507380079e-01
-2.965295233121952728e-02,1.814091112536016848e+00
1.174734902705692585e+00,-1.160067750522447261e+00
8.241314363078281469e-01,1.148746166723181306e+00
-8.661381665267808838e-02,1.507004479268392538e+00
1.359945002185558582e+00,-7.148176153566869750e-01
-6.991728626415802950e-01,1.612325499384170469e+00
-9.919557110114104459e-01,-1.050044148508280539e+00
1.404733079878997259e-01,1.277073869260855865e+00
1.802859111550165483e-01,-3.432227949567449587e-01
-9.281105081217518871e-01,-1.445071554880154596e-01
7.844575070808909034e-01,-3.714339121729396398e-01
-7.217346735081670017e-01,-1.017869072607394676e+00
1.363966851708376060e+00,-1.414030878532119284e-01
6.364680732833323251e-01,1.255666675039198488e+00
1.292262064857423232e+00,-2.710254223482731484e-01
-3.207110460394902440e-01,1.531129474695496206e+00
3.043922574676654128e-02,-6.161930162533776345e-01
2.250515915370247533e-01,-2.856866263582121812e-01
-9.298521937098480628e-01,1.816367730742593167e+00
-1.223837161677846064e+00,-6.072736422010920343e-01
-1.008556643746916448e+00,-2.503177302990981512e-01
-2.419273957786355622e-01,1.649724051827161864e+00
1.203438091655798070e+00,-3.706520862973221031e-01
-7.332773834608689034e-01,3.200656836434589425e-01
-1.623591729870054179e+00,-7.875592017636197095e-01
1.035400060759977148e+00,-1.256212163733212206e+00
9.176768314171571683e-01,1.254978030397998490e+00
-1.743675577212290717e+00,-7.086077378526718373e-01
3.203084894013927264e-01,-4.696287337461400591e-01
1.346526836836731578e+00,-4.554670345963703348e-01
-1.387183189494822999e+00,-4.779550434642987344e-01
-1.276770112515969613e+00,5.848827502445670401e-01
-2.960458829669664338e-01,1.361300668425413640e+00
-6.605470588668751475e-01,1.862121278261936963e+00
1.112552622327086738e+00,-5.401106141445856101e-01
-1.177250522792204768e+00,-5.023369317749502017e-01
9.111665369398611602e-01,1.374332394962800130e+00
-1.624138986739655621e+00,-7.987026380839723494e-01
-6.392038685374601403e-01,-1.193493442957098971e-01
5.046493385505614881e-01,1.424634677611976041e+00
-6.538276924057965234e-01,-1.002369761436582962e+00
-1.040186229393379680e+00,5.068718008040946632e-01
-8.896856627622058422e-01,1.825211601696383301e+00
5.699078983027990875e-01,1.234110872411898319e+00
-2.970056208045160004e-02,1.160082509419870345e+00
-2.912635513289406619e-01,1.777155081726607078e+00
-9.143759134022108048e-01,-1.733479775176309523e-01
1.116134450549359558e+00,-7.984218745150216678e-01
-3.450970638387094169e-01,1.783504646428338392e+00
-1.142982937698234017e-02,2.040006042942799969e+00
8.556585295935927871e-01,-1.178301585590492362e+00
-1.079818934727655444e+00,4.551313465637905620e-01
1.135633289711177829e+00,-1.255966265424795392e+00
1.440152830985089345e-02,-6.313103276507028294e-01
3.471490622342435217e-01,-5.130119619501771755e-01
-7.575759072348005052e-01,3.750766499305371177e-02
1.248150274014480532e+00,-7.059796633798002263e-01
1.455168104088135017e+00,-6.804918036658897940e-01
-1.403977930112661809e+00,-6.602383630428876327e-01
-1.095814708610814980e+00,2.965993262081422985e-02
5.142766383401133901e-01,1.300146099292530000e+00
3.963908510394795193e-01,1.293382839278610641e+00
-3.613699657112080799e-02,1.462145820524002993e+00
-9.734066733171078400e-01,-7.830239374778800998e-02
-7.620662357321512648e-01,6.535058379967052522e-01
4.592842975715931697e-01,-2.958449773154909201e-01
1.332819866563282780e-02,1.547132568613480696e+00
